SYS,SYS,SYS,SYS,SYS,USERDEF,USERDEF,USERDEF,USERDEF,PORO,PORO,PORO,PORO,PORO,PORO,PORO,PORO,PORO,PORO,PORO,PORO,PORO,FLUORO,FLUORO,FLUORO,FLUORO,FLUORO,FLUORO,FLUORO,FLUORO,FLUORO,FLUORO,FLUORO,SENSOR,SENSOR,SENSOR,SENSOR,SENSOR,SENSOR,SENSOR,SENSOR,SENSOR,SENSOR,SENSOR,LEAF_ANGLE,LEAF_ANGLE,LEAF_ANGLE,LEAF_ANGLE,LEAF_ANGLE,LEAF_ANGLE,LEAF_ANGLE,LEAF_ANGLE,LEAF_ANGLE,LEAF_ANGLE,GPS,GPS,GPS,GPS,GPS,GPS,GPS,MATCH,MATCH,MATCH,MATCH,STABILITY,STABILITY,STABILITY,STABILITY,STABILITY,STABILITY,P_CONFIG,P_CONFIG,P_CONFIG,P_CONFIG,P_CONFIG,P_CONFIG,P_CONFIG,P_CONFIG,P_CONFIG,P_CONFIG,P_CONFIG,FL_CONFIG,FL_CONFIG,FL_CONFIG,FL_CONFIG,FL_CONFIG,FL_CONFIG,FL_CONFIG,FL_CONFIG,FL_CONFIG,FL_CONFIG,FL_CONFIG,FL_CONFIG,FL_CONFIG,FL_CONFIG,FL_CONFIG,SENSOR_V,SENSOR_V,SENSOR_V,SENSOR_V,SENSOR_V,SENSOR_V,SENSOR_V,SENSOR_V,SENSOR_V,SENSOR_V,USERCAL,USERCAL,USERCAL,USERCAL,USERCAL,USERCAL,USERCAL,USERCAL,USERCAL,USERCAL,META,META,META,META,META,META,META
Obs#,Time,Date,configName,configAuthor,remark,Bar_code,,,gsw,gbw,gtw,E_apparent,VPcham,VPref,VPleaf,VPDleaf,H2O_r,H2O_s,H2O_leaf,leaf_area,leaf_width,flashID,Fo,Fm,Fv/Fm,Fs,Fm',PhiPS2,PS2/1,abs,ETR,TRANS,rh_s,rh_r,Tref,Tmeas,Tleaf,P_atm,flow,flow_s,leak_pct,Qamb,batt,pitch,roll,heading,angle_inc_leaf,direct_pct,slope_leaf,az_leaf,dec_solar,az_solar,zenith_solar,gps_time,gps_date,latitude,longitude,altitude,gps_sats,gps_HDOP,match_time,match_date,rh_adj,type,gsw1sec,gsw2sec,gsw4sec,flr1sec,flr2sec,flr4sec,auto,flow_set,gsw_limit,gsw_period,aw,Bla,Blb,Blc,Bld,Ble,chamber,dark,flash_type,flash_intensity,modrate,flr_limit,flr_period,P1_dur,P2_dur,P3_dur,P1_Fmax,P2_ramp,P2_slp,P3_Fmax,P3_Pred,P3_DeltaF,v_humA,v_humB,v_flowIn,v_flowOut,v_temp,v_irt,v_pres,v_par,v_F,i_LED,b_rhr,m_rhr,span_rhr,b_rhs,m_rhs,span_rhs,z_flowIn,z_flowOut,z_quantum,z_flr,flashId,lciSerNum,lcpSerNum,lcfSerNum,lcrhSerNum,version,configUpdatedAt
,HHMMSS,YYYYMMDD,,,,,,,mol+1m-2s-1,mol+1m-2s-1,mol+1m-2s-1,mmol+1m-2s-1,kPa,kPa,kPa,kPa,mmol+1mol-1,mmol+1mol-1,mmol+1mol-1,cm+2,mm,,,,,,,,,,umol+1m-2s-1,,%,%,C,C,C,kPa,umol+1sec-1,umol+1sec-1,%,umol+1m-2s-1,V,degrees,degrees,degrees,degrees,%,degrees,degrees,degrees,degrees,degrees,HHMMSS,YYYYMMDD,degrees,degrees,m,,,HHMMSS,YYYYMMDD,%,,,,,,,,,umol+1sec-1,(umol+1m-2s-1)s-1,s,,,,,,,,,,umol+1m-2s-1,Hz,s-1,s,ms,ms,ms,,%,,,,,V,V,V,V,V,V,V,V,V,A,,,,,,,,,,,,,,,,,
8,09:21:40,2026-07-26,Rain_out,Climate_model,,Pl7-R1-M2-H1-P08,,,-0.121786,2.915493,-0.127095,-2.164726,2.584537,2.642725,4.186891,1.602354,27.115164,26.518135,42.958778,0.441786,7.5,PSF-00578_20260726092140_acc,0,0,0,106.206894,184.294937,0.423712,0.5,0.8,253.413895,1,75.76,77.47,26.18,29.7,29.7,97.46,155.9,156.1,-0.1,1495,4.088,5,33,8,,,,,,,,14:15:35,2026-07-26,39.208668,-96.593674,256,10,0.9,09:17:53,2026-07-26,-4.41,1,-0.003,-0.002,-0.016,-0.022,-0.319,1.491,1,150,0.005,2,0.058905,0,0.02923,0,0,-6.8e-05,standard,0,rectangular,7000,500,-9999,-9999,55537,55537,55537,0,-9999,0,0,0,0,2.509648,2.497764,1.641368,0.932767,0.260151,0.040533,0.212209,1.356005,106.206894,0.000273,2.397709,-3e-05,1,2.383926,-2.4e-05,1,0.601714,0.600514,0.106642,0,PSF-00578_20260726092140_acc,PFA-00612,PSA-00572,PSF-00578,RHS-0697,3.0.0,2026-06-15T15:17:51.144Z
9,09:21:58,2026-07-26,Rain_out,Climate_model,,Pl7-R1-M2-H1-P08,,,-0.103332,2.916541,-0.107127,-1.777075,2.610529,2.658249,4.171183,1.560654,27.271996,26.782415,42.793766,0.441786,7.5,PSF-00578_20260726092158_65b,0,0,0,102.82016,182.094101,0.435346,0.5,0.8,250.532227,1,75.53,76.91,26.41,29.63,29.63,97.47,156.1,156.1,0,1439,4.086,-5,22,14,,,,,,,,14:15:54,2026-07-26,39.208668,-96.593666,257,11,0.88,09:17:53,2026-07-26,-4.41,1,-0.002,-0.002,-0.015,-0.117,0.068,-0.518,1,150,0.005,2,0.058905,0,0.02923,0,0,-6.8e-05,standard,0,rectangular,7000,500,-9999,-9999,55537,55537,55537,0,-9999,0,0,0,0,2.508917,2.497451,1.642436,0.932678,0.257868,0.037255,0.214784,1.308792,102.82016,0.000264,2.397709,-3e-05,1,2.383926,-2.4e-05,1,0.601714,0.600514,0.106642,0,PSF-00578_20260726092158_65b,PFA-00612,PSA-00572,PSF-00578,RHS-0697,3.0.0,2026-06-15T15:17:51.144Z
10,09:22:13,2026-07-26,Rain_out,Climate_model,,Pl7-R1-M2-H1-P08,,,-0.117294,2.916073,-0.122209,-2.038702,2.643912,2.698657,4.212722,1.56881,27.687054,27.125389,43.220703,0.441786,7.5,PSF-00578_20260726092213_71b,0,0,0,87.225792,193.595413,0.549443,0.5,0.8,320.97879,1,75.71,77.27,26.58,29.8,29.8,97.47,156,156.2,-0.1,1460,4.086,-2,29,15,,,,,,,,14:16:09,2026-07-26,39.20866,-96.593689,257.299988,14,0.72,09:17:53,2026-07-26,-4.41,1,-0.001,0.001,-0.018,-0.593,8.868,-2.24,1,150,0.005,2,0.058905,0,0.02923,0,0,-6.8e-05,standard,0,rectangular,7000,500,-9999,-9999,55537,55537,55537,0,-9999,0,0,0,0,2.509353,2.497654,1.641959,0.932855,0.25607,0.037263,0.216797,1.326989,87.225792,0.000274,2.397709,-3e-05,1,2.383926,-2.4e-05,1,0.601714,0.600514,0.106642,0,PSF-00578_20260726092213_71b,PFA-00612,PSA-00572,PSF-00578,RHS-0697,3.0.0,2026-06-15T15:17:51.144Z
11,09:23:10,2026-07-26,Rain_out,Climate_model,,Pl7-R1-M2-H1-P08,,,-0.158611,2.916321,-0.167734,-1.907402,2.683212,2.734403,3.75505,1.071838,28.052351,27.527178,38.523209,0.441786,7.5,PSF-00578_20260726092310_a7f,0,0,0,87.954643,296.352264,0.703209,0.5,0.8,50.563484,1,73.84,75.25,27.26,27.82,27.82,97.47,156,156.2,-0.1,180,4.052,3,-42,4,,,,,,,,14:17:05,2026-07-26,39.208626,-96.593735,258.899994,14,0.72,09:17:53,2026-07-26,-4.41,1,-0.001,-0.003,-0.014,0.584,0.357,-0.078,1,150,0.005,2,0.058905,0,0.02923,0,0,-6.8e-05,standard,0,rectangular,7000,500,-9999,-9999,55537,55537,55537,0,-9999,0,0,0,0,2.506705,2.495246,1.642212,0.933018,0.249288,0.006726,0.224019,0.256846,87.954643,0.000299,2.397709,-3e-05,1,2.383926,-2.4e-05,1,0.601714,0.600514,0.106642,0,PSF-00578_20260726092310_a7f,PFA-00612,PSA-00572,PSF-00578,RHS-0697,3.0.0,2026-06-15T15:17:51.144Z
12,09:23:27,2026-07-26,Rain_out,Climate_model,,Pl7-R1-M2-H1-P08,,,-0.184266,2.917357,-0.19669,-2.616934,2.679158,2.749342,3.93214,1.252982,28.204092,27.484118,40.337814,0.441786,7.5,PSF-00578_20260726092327_9cf,0,0,0,83.790421,275.193939,0.695522,0.5,0.8,50.071735,1,72.83,74.74,27.47,28.61,28.61,97.48,156.2,156.3,-0.1,180,4.086,-1,-35,15,,,,,,,,14:17:23,2026-07-26,39.208618,-96.593742,258.799988,13,0.75,09:17:53,2026-07-26,-4.41,1,0.002,0.002,0.011,0.005,0.055,-0.192,1,150,0.005,2,0.058905,0,0.02923,0,0,-6.8e-05,standard,0,rectangular,7000,500,-9999,-9999,55537,55537,55537,0,-9999,0,0,0,0,2.506031,2.493957,1.64327,0.933166,0.247228,0.013389,0.226096,0.257029,83.790421,0.000286,2.397709,-3e-05,1,2.383926,-2.4e-05,1,0.601714,0.600514,0.106642,0,PSF-00578_20260726092327_9cf,PFA-00612,PSA-00572,PSF-00578,RHS-0697,3.0.0,2026-06-15T15:17:51.144Z
13,09:23:47,2026-07-26,Rain_out,Climate_model,,Pl7-R1-M2-H1-P08,,,-0.208269,2.917173,-0.224282,-2.691724,2.742593,2.814742,3.872761,1.130167,28.876179,28.136015,39.730301,0.441786,7.5,PSF-00578_20260726092347_189,0,0,0,89.371918,294.268372,0.696291,0.5,0.8,47.825489,1,73.52,75.45,27.71,28.35,28.35,97.48,156.1,156.2,0,172,4.085,-5,-40,17,,,,,,,,14:17:43,2026-07-26,39.208607,-96.593742,259,15,0.69,09:17:53,2026-07-26,-4.41,1,-0.002,-0.003,-0.014,0.014,-0.173,-0.441,1,150,0.005,2,0.058905,0,0.02923,0,0,-6.8e-05,standard,0,rectangular,7000,500,-9999,-9999,55537,55537,55537,0,-9999,0,0,0,0,2.506901,2.494792,1.643082,0.932893,0.244891,0.007662,0.228485,0.250124,89.371918,0.000292,2.397709,-3e-05,1,2.383926,-2.4e-05,1,0.601714,0.600514,0.106642,0,PSF-00578_20260726092347_189,PFA-00612,PSA-00572,PSF-00578,RHS-0697,3.0.0,2026-06-15T15:17:51.144Z
14,09:24:08,2026-07-26,Rain_out,Climate_model,,Pl7-R1-M2-H1-P08,,,-0.25463,2.915289,-0.278999,-3.84129,2.672352,2.775553,3.968838,1.296486,28.471157,27.412535,40.71167,0.441786,7.5,PSF-00578_20260726092408_c42,0,0,0,82.444672,277.657623,0.703071,0.5,0.8,57.906403,1,70.6,73.33,27.96,28.77,28.77,97.49,155.9,156,-0.1,206,4.083,2,-25,8,,,,,,,,14:18:04,2026-07-26,39.208603,-96.593742,259.399994,15,0.69,09:17:53,2026-07-26,-4.41,1,0.001,0.003,0.008,-0.08,-0.045,-0.09,1,150,0.005,2,0.058905,0,0.02923,0,0,-6.8e-05,standard,0,rectangular,7000,500,-9999,-9999,55537,55537,55537,0,-9999,0,0,0,0,2.504173,2.491101,1.641161,0.932455,0.24248,0.009649,0.231055,0.278693,82.444672,0.000294,2.397709,-3e-05,1,2.383926,-2.4e-05,1,0.601714,0.600514,0.106642,0,PSF-00578_20260726092408_c42,PFA-00612,PSA-00572,PSF-00578,RHS-0697,3.0.0,2026-06-15T15:17:51.144Z
15,09:24:21,2026-07-26,Rain_out,Climate_model,,Pl7-R1-M2-H1-P08,,,-0.213824,2.915507,-0.230747,-3.384675,2.660508,2.75144,4.041367,1.380859,28.222939,27.290199,41.45438,0.441786,7.5,PSF-00578_20260726092421_6a7,0,0,0,81.252693,279.253357,0.709036,0.5,0.8,61.669189,1,69.72,72.1,28.1,29.08,29.08,97.49,155.9,156,0,217,4.083,6,-22,5,,,,,,,,14:18:16,2026-07-26,39.208591,-96.59375,259.299988,15,0.69,09:17:53,2026-07-26,-4.41,1,0,0,-0.016,0.154,0.546,1.427,1,150,0.005,2,0.058905,0,0.02923,0,0,-6.8e-05,standard,0,rectangular,7000,500,-9999,-9999,55537,55537,55537,0,-9999,0,0,0,0,2.502603,2.489979,1.641383,0.932416,0.241147,0.011654,0.232468,0.288331,81.252693,0.000293,2.397709,-3e-05,1,2.383926,-2.4e-05,1,0.601714,0.600514,0.106642,0,PSF-00578_20260726092421_6a7,PFA-00612,PSA-00572,PSF-00578,RHS-0697,3.0.0,2026-06-15T15:17:51.144Z
16,09:24:32,2026-07-26,Rain_out,Climate_model,,Pl7-R1-M2-H1-P08,,,-0.246936,2.91619,-0.26978,-4.056282,2.644564,2.753505,4.060037,1.415473,28.242741,27.12533,41.64386,0.441786,7.5,PSF-00578_20260726092432_4cb,0,0,0,83.202126,279.500122,0.702318,0.5,0.8,58.694122,1,68.76,71.6,28.23,29.16,29.16,97.49,156,155.9,0.1,209,4.081,8,-25,3,,,,,,,,14:18:28,2026-07-26,39.208595,-96.593765,260.100006,15,0.69,09:17:53,2026-07-26,-4.41,1,-0.007,-0.004,-9999,0.043,0.427,-9999,1,150,0.005,2,0.058905,0,0.02923,0,0,-6.8e-05,standard,0,rectangular,7000,500,-9999,-9999,55537,55537,55537,0,-9999,0,0,0,0,2.501938,2.48876,1.642078,0.932115,0.239866,0.011032,0.233844,0.28122,83.202126,0.00029,2.397709,-3e-05,1,2.383926,-2.4e-05,1,0.601714,0.600514,0.106642,0,PSF-00578_20260726092432_4cb,PFA-00612,PSA-00572,PSF-00578,RHS-0697,3.0.0,2026-06-15T15:17:51.144Z
18,09:25:16,2026-07-26,Rain_out,Climate_model,,Pl7-R1-M2-H1-P08,,,-0.193939,2.916073,-0.207756,-3.855547,2.678024,2.781543,4.421386,1.743362,28.531353,27.469517,45.351852,0.441786,7.5,PSF-00578_20260726092516_039,0,0,0,128.331894,230.604889,0.443499,0.5,0.8,201.437408,1,67.87,70.49,28.67,30.65,30.65,97.49,156,156,0,1136,4.075,-23,2,4,,,,,,,,14:19:12,2026-07-26,39.208576,-96.59375,261.200012,15,0.69,09:17:53,2026-07-26,-4.41,1,0.001,0,-0.009,-0.848,0.796,7.177,1,150,0.005,2,0.058905,0,0.02923,0,0,-6.8e-05,standard,0,rectangular,7000,500,-9999,-9999,55537,55537,55537,0,-9999,0,0,0,0,2.500472,2.487579,1.641959,0.932374,0.23571,0.023194,0.239176,1.055447,128.331894,0.000296,2.397709,-3e-05,1,2.383926,-2.4e-05,1,0.601714,0.600514,0.106642,0,PSF-00578_20260726092516_039,PFA-00612,PSA-00572,PSF-00578,RHS-0697,3.0.0,2026-06-15T15:17:51.144Z
19,09:25:30,2026-07-26,Rain_out,Climate_model,,Pl7-R1-M2-H1-P08,,,-0.178067,2.917266,-0.189642,-3.492893,2.690697,2.784375,4.420762,1.730064,28.561357,27.600431,45.346958,0.441786,7.5,PSF-00578_20260726092530_1b9,0,0,0,112.640617,210.046295,0.463734,0.5,0.8,219.484772,1,67.64,70,28.81,30.64,30.64,97.49,156.2,156,0.1,1183,4.044,-23,2,4,,,,,,,,14:19:25,2026-07-26,39.208569,-96.59375,261.299988,15,0.69,09:17:53,2026-07-26,-4.41,1,0.002,0.002,-9999,-6.151,-1.178,-9999,1,150,0.005,2,0.058905,0,0.02923,0,0,-6.8e-05,standard,0,rectangular,7000,500,-9999,-9999,55537,55537,55537,0,-9999,0,0,0,0,2.499821,2.487274,1.643176,0.932372,0.234414,0.021557,0.24085,1.095342,112.640617,0.00029,2.397709,-3e-05,1,2.383926,-2.4e-05,1,0.601714,0.600514,0.106642,0,PSF-00578_20260726092530_1b9,PFA-00612,PSA-00572,PSF-00578,RHS-0697,3.0.0,2026-06-15T15:17:51.144Z
20,09:25:42,2026-07-26,Rain_out,Climate_model,,Pl7-R1-M2-H1-P08,,,-0.19733,2.91724,-0.211646,-4.073323,2.703481,2.812722,4.510437,1.806956,28.849983,27.729502,46.263378,0.441786,7.5,PSF-00578_20260726092542_a94,0,0,0,129.77565,224.661835,0.422351,0.5,0.8,150.976593,1,67.52,70.24,28.92,31,31,97.49,156.2,155.7,0.3,894,4.079,-24,7,2,,,,,,,,14:19:38,2026-07-26,39.208572,-96.593735,262.399994,15,0.69,09:17:53,2026-07-26,-4.41,1,0.002,0.004,-9999,2.921,8.682,-9999,1,150,0.005,2,0.058905,0,0.02923,0,0,-6.8e-05,standard,0,rectangular,7000,500,-9999,-9999,55537,55537,55537,0,-9999,0,0,0,0,2.500116,2.487099,1.643149,0.931759,0.23336,0.024368,0.242204,0.853375,129.77565,0.000304,2.397709,-3e-05,1,2.383926,-2.4e-05,1,0.601714,0.600514,0.106642,0,PSF-00578_20260726092542_a94,PFA-00612,PSA-00572,PSF-00578,RHS-0697,3.0.0,2026-06-15T15:17:51.144Z
24,09:27:46,2026-07-26,Rain_out,Climate_model,,Pl6-R1-M1-H2-P08,,,-0.171297,2.917025,-0.181984,-3.286086,2.808924,2.89697,4.503399,1.694475,29.713661,28.810583,46.190487,0.441786,7.5,PSF-00578_20260726092746_b3f,0,0,0,100.896477,214.152222,0.528856,0.5,0.8,223.841644,1,65.85,67.92,30.02,30.97,30.97,97.5,156.1,155.4,0.5,1058,4.077,0,34,22,,,,,,,,14:21:42,2026-07-26,39.208534,-96.59375,267,17,0.65,09:17:53,2026-07-26,-4.41,1,0.007,0.003,-9999,11.179,6.087,-9999,1,150,0.005,2,0.058905,0,0.02923,0,0,-6.8e-05,standard,0,rectangular,7000,500,-9999,-9999,55537,55537,55537,0,-9999,0,0,0,0,2.49698,2.484847,1.64293,0.930872,0.223472,0.011324,0.256534,0.990806,100.896477,0.000296,2.397709,-3e-05,1,2.383926,-2.4e-05,1,0.601714,0.600514,0.106642,0,PSF-00578_20260726092746_b3f,PFA-00612,PSA-00572,PSF-00578,RHS-0697,3.0.0,2026-06-15T15:17:51.144Z
25,09:28:19,2026-07-26,Rain_out,Climate_model,,Pl6-R1-M1-H2-P08,,,0.066581,2.916592,0.065095,1.038958,2.874353,2.846528,4.372497,1.498143,29.198528,29.483952,44.851295,0.441786,7.5,PSF-00578_20260726092819_af2,0,0,0,83.120224,282.311798,0.705573,0.5,0.8,50.970692,1,66.34,65.69,30.29,30.45,30.45,97.49,156.1,155.4,0.4,181,4.077,7,-44,351,,,,,,,,14:22:14,2026-07-26,39.208534,-96.593742,266.899994,17,0.65,09:28:11,2026-07-26,-0.91,1,-0.004,0,0.011,0.071,0.154,0.831,1,150,0.005,2,0.058905,0,0.02923,0,0,-6.8e-05,standard,0,rectangular,7000,500,-9999,-9999,55537,55537,55537,0,-9999,0,0,0,0,2.49411,2.481011,1.642488,0.930909,0.221076,0.002106,0.260078,0.257549,83.120224,0.000291,2.397709,-3e-05,1,2.383926,-2.4e-05,1,0.601714,0.600514,0.106642,0,PSF-00578_20260726092819_af2,PFA-00612,PSA-00572,PSF-00578,RHS-0697,3.0.0,2026-06-15T15:17:51.144Z
26,09:28:37,2026-07-26,Rain_out,Climate_model,,Pl6-R1-M1-H2-P08,,,0.043462,2.915756,0.042823,0.690332,2.890233,2.871735,4.403038,1.512805,29.456558,29.646299,45.163757,0.441786,7.5,PSF-00578_20260726092837_e53,0,0,0,81.006645,275.578033,0.706048,0.5,0.8,52.843773,1,66.1,65.68,30.45,30.57,30.57,97.49,156,155.6,0.3,187,4.075,6,-44,352,,,,,,,,14:22:32,2026-07-26,39.208538,-96.593727,266.700012,17,0.65,09:28:11,2026-07-26,-0.91,1,0.001,0,0.008,-0.02,0.047,0.537,1,150,0.005,2,0.058905,0,0.02923,0,0,-6.8e-05,standard,0,rectangular,7000,500,-9999,-9999,55537,55537,55537,0,-9999,0,0,0,0,2.494062,2.480691,1.641636,0.931282,0.219703,0.00168,0.262018,0.262989,81.006645,0.000295,2.397709,-3e-05,1,2.383926,-2.4e-05,1,0.601714,0.600514,0.106642,0,PSF-00578_20260726092837_e53,PFA-00612,PSA-00572,PSF-00578,RHS-0697,3.0.0,2026-06-15T15:17:51.144Z
27,09:28:51,2026-07-26,Rain_out,Climate_model,,Pl6-R1-M1-H2-P08,,,0.076284,2.915098,0.074339,1.191873,2.908082,2.876136,4.412384,1.504301,29.503147,29.830847,45.261829,0.441786,7.5,PSF-00578_20260726092851_bcd,0,0,0,85.154053,288.329956,0.704665,0.5,0.8,50.851509,1,66.09,65.36,30.56,30.61,30.61,97.49,155.9,155.6,0.2,180,4.075,6,-48,353,,,,,,,,14:22:47,2026-07-26,39.208542,-96.593712,267.600006,17,0.65,09:28:11,2026-07-26,-0.91,1,-0.001,0.001,0.016,-0.06,0.033,0.428,1,150,0.005,2,0.058905,0,0.02923,0,0,-6.8e-05,standard,0,rectangular,7000,500,-9999,-9999,55537,55537,55537,0,-9999,0,0,0,0,2.493643,2.480658,1.640967,0.931334,0.218747,0.00082,0.263556,0.25739,85.154053,0.000296,2.397709,-3e-05,1,2.383926,-2.4e-05,1,0.601714,0.600514,0.106642,0,PSF-00578_20260726092851_bcd,PFA-00612,PSA-00572,PSF-00578,RHS-0697,3.0.0,2026-06-15T15:17:51.144Z
28,09:29:20,2026-07-26,Rain_out,Climate_model,,Pl6-R1-M1-H2-P08,,,0.090183,2.916159,0.087478,1.814147,2.958869,2.910301,4.899464,1.940594,29.847944,30.346056,50.248718,0.441786,7.5,PSF-00578_20260726092920_193,0,0,0,97.66066,183.167343,0.466823,0.5,0.8,235.145264,1,66.37,65.28,30.79,32.46,32.46,97.5,156,155.3,0.4,1259,4.072,2,50,24,,,,,,,,14:23:11,2026-07-26,39.208542,-96.593704,268,17,0.65,09:28:11,2026-07-26,-0.91,1,0.003,0.005,0.019,-1.584,-2.615,0.265,1,150,0.005,2,0.058905,0,0.02923,0,0,-6.8e-05,standard,0,rectangular,7000,500,-9999,-9999,55537,55537,55537,0,-9999,0,0,0,0,2.493497,2.480974,1.642047,0.930706,0.216785,0.019867,0.266727,1.15888,97.66066,0.000285,2.397709,-3e-05,1,2.383926,-2.4e-05,1,0.601714,0.600514,0.106642,0,PSF-00578_20260726092920_193,PFA-00612,PSA-00572,PSF-00578,RHS-0697,3.0.0,2026-06-15T15:17:51.144Z
29,09:29:35,2026-07-26,Rain_out,Climate_model,,Pl6-R1-M1-H2-P08,,,0.085587,2.915555,0.083146,1.770333,2.978024,2.930619,4.969347,1.991324,30.057934,30.544147,50.968189,0.441786,7.5,PSF-00578_20260726092935_22f,0,0,0,104.202034,185.431122,0.438055,0.5,0.8,226.472702,1,66.36,65.3,30.91,32.71,32.71,97.5,155.9,155.1,0.5,1292,4.07,7,50,20,,,,,,,,14:23:30,2026-07-26,39.208546,-96.593712,268.399994,17,0.65,09:28:11,2026-07-26,-0.91,1,0.005,0.002,-0.011,-0.31,-1.768,-2.205,1,150,0.005,2,0.058905,0,0.02923,0,0,-6.8e-05,standard,0,rectangular,7000,500,-9999,-9999,55537,55537,55537,0,-9999,0,0,0,0,2.493503,2.480939,1.641431,0.930196,0.215795,0.021496,0.268323,1.186624,104.202034,0.0003,2.397709,-3e-05,1,2.383926,-2.4e-05,1,0.601714,0.600514,0.106642,0,PSF-00578_20260726092935_22f,PFA-00612,PSA-00572,PSF-00578,RHS-0697,3.0.0,2026-06-15T15:17:51.144Z
30,09:29:51,2026-07-26,Rain_out,Climate_model,,Pl6-R1-M1-H2-P08,,,0.087929,2.916653,0.085356,1.939748,2.93282,2.880899,5.057714,2.124894,29.548208,30.080748,51.874924,0.441786,7.5,PSF-00578_20260726092951_7e9,0,0,0,116.942528,200.941803,0.418028,0.5,0.8,219.106369,1,64.92,63.77,31.02,33.02,33.02,97.5,156.1,155.3,0.5,1310,4.073,4,51,20,,,,,,,,14:23:47,2026-07-26,39.208534,-96.593727,269.100006,17,0.65,09:28:11,2026-07-26,-0.91,1,-0.002,-0.002,0.011,0.332,0.872,0.273,1,150,0.005,2,0.058905,0,0.02923,0,0,-6.8e-05,standard,0,rectangular,7000,500,-9999,-9999,55537,55537,55537,0,-9999,0,0,0,0,2.491532,2.47911,1.64255,0.930708,0.21481,0.023876,0.269955,1.201554,116.942528,0.000295,2.397709,-3e-05,1,2.383926,-2.4e-05,1,0.601714,0.600514,0.106642,0,PSF-00578_20260726092951_7e9,PFA-00612,PSA-00572,PSF-00578,RHS-0697,3.0.0,2026-06-15T15:17:51.144Z
31,09:30:05,2026-07-26,Rain_out,Climate_model,,Pl6-R1-M1-H2-P08,,,0.076838,2.916176,0.074865,1.73084,2.99119,2.94487,5.151264,2.160074,30.203173,30.678242,52.83239,0.441786,7.5,PSF-00578_20260726093005_211,0,0,0,110.248093,194.219833,0.432354,0.5,0.8,185.386429,1,65.83,64.81,31.13,33.35,33.35,97.5,156,155.3,0.4,1072,4.07,0,49,18,,,,,,,,14:24:00,2026-07-26,39.208542,-96.593735,269.399994,17,0.65,09:28:11,2026-07-26,-0.91,1,0.004,-0.001,-9999,-0.729,-1.347,-9999,1,150,0.005,2,0.058905,0,0.02923,0,0,-6.8e-05,standard,0,rectangular,7000,500,-9999,-9999,55537,55537,55537,0,-9999,0,0,0,0,2.492837,2.480237,1.642064,0.930713,0.213952,0.026599,0.271435,1.002353,110.248093,0.000295,2.397709,-3e-05,1,2.383926,-2.4e-05,1,0.601714,0.600514,0.106642,0,PSF-00578_20260726093005_211,PFA-00612,PSA-00572,PSF-00578,RHS-0697,3.0.0,2026-06-15T15:17:51.144Z
32,09:30:22,2026-07-26,Rain_out,Climate_model,,Pl6-R1-M1-H2-P08,,,0.069553,2.916363,0.067933,1.193292,2.952363,2.92042,4.598709,1.646346,29.953108,30.28072,47.166363,0.441786,7.5,PSF-00578_20260726093022_f0e,0,0,0,84.969879,291.016113,0.708023,0.5,0.8,56.748486,1,64.58,63.88,31.23,31.34,31.34,97.5,156,155.6,0.3,200,4.072,9,52,42,,,,,,,,14:24:18,2026-07-26,39.208538,-96.593758,270.200012,17,0.65,09:28:11,2026-07-26,-0.91,1,-0.001,-0.002,0.011,-0.034,0.1,0.8,1,150,0.005,2,0.058905,0,0.02923,0,0,-6.8e-05,standard,0,rectangular,7000,500,-9999,-9999,55537,55537,55537,0,-9999,0,0,0,0,2.491636,2.478648,1.642254,0.931308,0.213053,0.001453,0.273093,0.274073,84.969879,0.000299,2.397709,-3e-05,1,2.383926,-2.4e-05,1,0.601714,0.600514,0.106642,0,PSF-00578_20260726093022_f0e,PFA-00612,PSA-00572,PSF-00578,RHS-0697,3.0.0,2026-06-15T15:17:51.144Z
33,09:30:39,2026-07-26,Rain_out,Climate_model,,Pl6-R1-M1-H2-P08,,,0.055325,2.917079,0.054295,0.961952,3.002241,2.976518,4.66182,1.65958,30.527376,30.791187,47.811947,0.441786,7.5,PSF-00578_20260726093039_75f,0,0,0,83.540436,290.547241,0.712472,0.5,0.8,54.887428,1,65.28,64.72,31.34,31.58,31.58,97.5,156.1,155.4,0.5,193,4.036,8,56,35,,,,,,,,14:24:31,2026-07-26,39.208534,-96.59375,270.100006,16,0.67,09:28:11,2026-07-26,-0.91,1,0,-0.003,-9999,0.207,0.476,-9999,1,150,0.005,2,0.058905,0,0.02923,0,0,-6.8e-05,standard,0,rectangular,7000,500,-9999,-9999,55537,55537,55537,0,-9999,0,0,0,0,2.492687,2.479512,1.642985,0.930945,0.212177,0.003041,0.274941,0.267571,83.540436,0.000294,2.397709,-3e-05,1,2.383926,-2.4e-05,1,0.601714,0.600514,0.106642,0,PSF-00578_20260726093039_75f,PFA-00612,PSA-00572,PSF-00578,RHS-0697,3.0.0,2026-06-15T15:17:51.144Z
34,09:30:55,2026-07-26,Rain_out,Climate_model,,Pl6-R1-M1-H2-P08,,,0.044886,2.916423,0.044205,0.757826,3.021028,3.000756,4.627096,1.606068,30.774143,30.98204,47.453007,0.441786,7.5,PSF-00578_20260726093055_056,0,0,0,83.20713,290.931,0.713997,0.5,0.8,55.720722,1,65.35,64.91,31.43,31.44,31.44,97.51,156.1,155.4,0.4,195,4.069,3,55,37,,,,,,,,14:24:50,2026-07-26,39.208534,-96.593742,271.200012,17,0.65,09:28:11,2026-07-26,-0.91,1,-0.001,0.001,0.017,0.215,0.299,1.375,1,150,0.005,2,0.058905,0,0.02923,0,0,-6.8e-05,standard,0,rectangular,7000,500,-9999,-9999,55537,55537,55537,0,-9999,0,0,0,0,2.492913,2.479585,1.642316,0.930775,0.211421,0.000422,0.276554,0.269665,83.20713,0.000299,2.397709,-3e-05,1,2.383926,-2.4e-05,1,0.601714,0.600514,0.106642,0,PSF-00578_20260726093055_056,PFA-00612,PSA-00572,PSF-00578,RHS-0697,3.0.0,2026-06-15T15:17:51.144Z
35,09:31:16,2026-07-26,Rain_out,Climate_model,,Pl6-R1-M1-H2-P08,,,0.136683,2.916266,0.130563,2.785168,3.031374,2.956885,5.025093,1.993718,30.330139,31.09421,51.544701,0.441786,7.5,PSF-00578_20260726093116_577,0,0,0,97.014786,158.443451,0.387701,0.5,0.8,239.402634,1,65.11,63.51,31.55,32.9,32.9,97.49,156,155.1,0.6,1544,4.068,18,88,347,,,,,,,,14:25:11,2026-07-26,39.208496,-96.593719,276.899994,19,0.61,09:28:11,2026-07-26,-0.91,1,0.001,0.003,-9999,6.152,11.052,-9999,1,150,0.005,2,0.058905,0,0.02923,0,0,-6.8e-05,standard,0,rectangular,7000,500,-9999,-9999,55537,55537,55537,0,-9999,0,0,0,0,2.491104,2.47926,1.642156,0.930241,0.210382,0.016246,0.278626,1.396559,97.014786,0.000294,2.397709,-3e-05,1,2.383926,-2.4e-05,1,0.601714,0.600514,0.106642,0,PSF-00578_20260726093116_577,PFA-00612,PSA-00572,PSF-00578,RHS-0697,3.0.0,2026-06-15T15:17:51.144Z
18,12:55:10,2026-07-26,Rain_out,Climate_model,,Pl7-R1-M2-H1-P08,,,0.123075,2.917531,0.118093,4.476828,3.241566,3.122302,6.745522,3.503956,32.048676,33.27285,69.238991,0.441786,7.5,PSF-00578_20260726125510_78a,0,0,0,76.455833,155.392166,0.507981,0.5,0.8,352.235321,1,43.56,41.96,40.07,38.24,38.24,97.42,156.2,154,1.4,1734,3.921,-23,21,9,,,,,,,,17:49:05,2026-07-26,39.208401,-96.593826,341.299988,10,0.89,12:49:49,2026-07-26,-0.34,1,-0.001,-0.003,0.011,0.329,1.292,4.616,1,150,0.005,2,0.058905,0,0.02923,0,0,-6.8e-05,standard,0,rectangular,7000,500,-9999,-9999,55537,55537,55537,0,-9999,0,0,0,0,2.461857,2.449795,1.643447,0.927251,0.151262,-0.022905,0.361549,1.555129,76.455833,0.000313,2.397709,-3e-05,1,2.383926,-2.4e-05,1,0.601714,0.600514,0.106642,0,PSF-00578_20260726125510_78a,PFA-00612,PSA-00572,PSF-00578,RHS-0697,3.0.0,2026-06-15T15:17:51.144Z
19,12:55:23,2026-07-26,Rain_out,Climate_model,,Pl7-R1-M2-H1-P08,,,0.098903,2.917154,0.09566,3.544165,3.21804,3.123572,6.644823,3.426782,32.061958,33.031628,68.205894,0.441786,7.5,PSF-00578_20260726125523_d88,0,0,0,76.672913,165.19725,0.535871,0.5,0.8,374.863251,1,43.27,42,40.06,37.97,37.97,97.42,156.1,153.9,1.5,1749,3.924,-21,14,8,,,,,,,,17:49:18,2026-07-26,39.208408,-96.593842,342.399994,10,0.89,12:49:49,2026-07-26,-0.34,1,-0.002,-0.002,-9999,0.456,1.459,-9999,1,150,0.005,2,0.058905,0,0.02923,0,0,-6.8e-05,standard,0,rectangular,7000,500,-9999,-9999,55537,55537,55537,0,-9999,0,0,0,0,2.461907,2.449417,1.643062,0.927039,0.151314,-0.026287,0.362218,1.567953,76.672913,0.00032,2.397709,-3e-05,1,2.383926,-2.4e-05,1,0.601714,0.600514,0.106642,0,PSF-00578_20260726125523_d88,PFA-00612,PSA-00572,PSF-00578,RHS-0697,3.0.0,2026-06-15T15:17:51.144Z
20,12:55:42,2026-07-26,Rain_out,Climate_model,,Pl7-R1-M2-H1-P08,,,0.067559,2.916069,0.066029,2.714207,3.219109,3.146705,7.013325,3.794216,32.300896,33.044117,71.991714,0.441786,7.5,PSF-00578_20260726125542_bf1,0,0,0,77.690002,158.514984,0.509889,0.5,0.8,367.724731,1,43.28,42.31,40.06,38.96,38.96,97.42,156,153.8,1.4,1803,3.924,-17,14,8,,,,,,,,17:49:37,2026-07-26,39.208416,-96.593849,342.399994,9,0.96,12:49:49,2026-07-26,-0.34,1,0,-0.003,0.009,0.715,1.9,6.301,1,150,0.005,2,0.058905,0,0.02923,0,0,-6.8e-05,standard,0,rectangular,7000,500,-9999,-9999,55537,55537,55537,0,-9999,0,0,0,0,2.462317,2.44944,1.641955,0.926873,0.151321,-0.013645,0.3634,1.61317,77.690002,0.000309,2.397709,-3e-05,1,2.383926,-2.4e-05,1,0.601714,0.600514,0.106642,0,PSF-00578_20260726125542_bf1,PFA-00612,PSA-00572,PSF-00578,RHS-0697,3.0.0,2026-06-15T15:17:51.144Z
21,12:55:57,2026-07-26,Rain_out,Climate_model,,Pl7-R1-M2-H1-P08,,,0.128443,2.916383,0.123025,5.38331,3.302698,3.159256,7.332852,4.030154,32.429657,33.902081,75.271461,0.441786,7.5,PSF-00578_20260726125557_79b,0,0,0,94.882248,147.913101,0.358527,0.5,0.8,234.17215,1,44.39,42.46,40.07,39.8,39.8,97.42,156,153.9,1.4,1633,3.925,3,57,16,,,,,,,,17:49:52,2026-07-26,39.208424,-96.593857,342.200012,10,0.89,12:49:49,2026-07-26,-0.34,1,-0.001,0.001,-9999,-0.251,-1.245,-9999,1,150,0.005,2,0.058905,0,0.02923,0,0,-6.8e-05,standard,0,rectangular,7000,500,-9999,-9999,55537,55537,55537,0,-9999,0,0,0,0,2.462513,2.450856,1.642275,0.927035,0.151277,-0.003159,0.364379,1.471045,94.882248,0.000314,2.397709,-3e-05,1,2.383926,-2.4e-05,1,0.601714,0.600514,0.106642,0,PSF-00578_20260726125557_79b,PFA-00612,PSA-00572,PSF-00578,RHS-0697,3.0.0,2026-06-15T15:17:51.144Z
22,12:56:09,2026-07-26,Rain_out,Climate_model,,Pl7-R1-M2-H1-P08,,,0.117078,2.91703,0.112561,5.019905,3.407055,3.273517,7.508142,4.101087,33.603573,34.974373,77.073189,0.441786,7.5,PSF-00578_20260726125609_f7a,0,0,0,84.398743,128.857254,0.345021,0.5,0.8,214.82785,1,45.78,43.99,40.07,40.24,40.24,97.42,156.1,153.8,1.5,1557,3.924,8,58,12,,,,,,,,17:50:04,2026-07-26,39.208431,-96.593857,342,10,0.89,12:49:49,2026-07-26,-0.34,1,0.003,0.005,0.012,-0.005,0.102,-0.992,1,150,0.005,2,0.058905,0,0.02923,0,0,-6.8e-05,standard,0,rectangular,7000,500,-9999,-9999,55537,55537,55537,0,-9999,0,0,0,0,2.464502,2.452636,1.642935,0.926802,0.151254,0.002465,0.365116,1.407333,84.398743,0.000318,2.397709,-3e-05,1,2.383926,-2.4e-05,1,0.601714,0.600514,0.106642,0,PSF-00578_20260726125609_f7a,PFA-00612,PSA-00572,PSF-00578,RHS-0697,3.0.0,2026-06-15T15:17:51.144Z
23,12:56:20,2026-07-26,Rain_out,Climate_model,,Pl7-R1-M2-H1-P08,,,0.115661,2.916371,0.111249,4.884527,3.375629,3.24557,7.416246,4.040617,33.313694,34.64867,76.123016,0.441786,7.5,PSF-00578_20260726125620_7e5,0,0,0,84.070442,131.040222,0.358438,0.5,0.8,220.299194,1,45.34,43.6,40.08,40.01,40.01,97.42,156,153.8,1.4,1537,3.924,7,59,11,,,,,,,,17:50:15,2026-07-26,39.208424,-96.593857,342.100006,10,0.89,12:49:49,2026-07-26,-0.34,1,0.003,0.004,-9999,-0.892,-2.189,-9999,1,150,0.005,2,0.058905,0,0.02923,0,0,-6.8e-05,standard,0,rectangular,7000,500,-9999,-9999,55537,55537,55537,0,-9999,0,0,0,0,2.46399,2.452073,1.642263,0.926926,0.151212,-0.000592,0.365773,1.390534,84.070442,0.000306,2.397709,-3e-05,1,2.383926,-2.4e-05,1,0.601714,0.600514,0.106642,0,PSF-00578_20260726125620_7e5,PFA-00612,PSA-00572,PSF-00578,RHS-0697,3.0.0,2026-06-15T15:17:51.144Z
24,12:56:34,2026-07-26,Rain_out,Climate_model,,Pl7-R1-M2-H1-P08,,,0.080165,2.915248,0.07802,2.89504,3.377533,3.300389,6.803385,3.425852,33.879589,34.671505,69.839012,0.441786,7.5,PSF-00578_20260726125634_c16,0,0,0,82.156418,175.459381,0.531764,0.5,0.8,209.550507,1,45.34,44.31,40.09,38.4,38.4,97.42,155.9,153.7,1.4,985,3.923,-12,-42,19,,,,,,,,17:50:29,2026-07-26,39.208424,-96.593864,342.100006,10,0.89,12:49:49,2026-07-26,-0.34,1,0,0.003,-9999,0.105,-1.817,-9999,1,150,0.005,2,0.058905,0,0.02923,0,0,-6.8e-05,standard,0,rectangular,7000,500,-9999,-9999,55537,55537,55537,0,-9999,0,0,0,0,2.464914,2.452071,1.64112,0.926557,0.15115,-0.02116,0.36658,0.929831,82.156418,0.000315,2.397709,-3e-05,1,2.383926,-2.4e-05,1,0.601714,0.600514,0.106642,0,PSF-00578_20260726125634_c16,PFA-00612,PSA-00572,PSF-00578,RHS-0697,3.0.0,2026-06-15T15:17:51.144Z
25,12:56:45,2026-07-26,Rain_out,Climate_model,,Pl7-R1-M2-H1-P08,,,0.102974,2.916696,0.099462,3.873363,3.343806,3.240672,6.937264,3.593458,33.266582,34.325283,71.213326,0.441786,7.5,PSF-00578_20260726125645_10e,0,0,0,84.975243,178.346161,0.523538,0.5,0.8,215.700394,1,44.88,43.49,40.09,38.76,38.76,97.42,156.1,153.8,1.4,1030,3.924,-9,-40,19,,,,,,,,17:50:41,2026-07-26,39.208443,-96.593887,342.200012,9,0.92,12:49:49,2026-07-26,-0.34,1,-0.005,-0.005,-9999,-0.143,0.473,-9999,1,150,0.005,2,0.058905,0,0.02923,0,0,-6.8e-05,standard,0,rectangular,7000,500,-9999,-9999,55537,55537,55537,0,-9999,0,0,0,0,2.463854,2.451475,1.642595,0.926953,0.151119,-0.016661,0.367338,0.967304,84.975243,0.00032,2.397709,-3e-05,1,2.383926,-2.4e-05,1,0.601714,0.600514,0.106642,0,PSF-00578_20260726125645_10e,PFA-00612,PSA-00572,PSF-00578,RHS-0697,3.0.0,2026-06-15T15:17:51.144Z
26,12:56:56,2026-07-26,Rain_out,Climate_model,,Pl7-R1-M2-H1-P08,,,0.076846,2.917608,0.074874,2.879275,3.281984,3.205323,6.833642,3.551657,32.903202,33.690144,70.148529,0.441786,7.5,PSF-00578_20260726125656_c9f,0,0,0,87.156418,183.19989,0.524255,0.5,0.8,213.49939,1,44.03,43,40.1,38.48,38.48,97.42,156.2,153.8,1.5,1018,3.923,-9,-40,20,,,,,,,,17:50:50,2026-07-26,39.208447,-96.593887,342.100006,10,0.89,12:49:49,2026-07-26,-0.34,1,-0.002,-0.002,-9999,-1.002,-1.538,-9999,1,150,0.005,2,0.058905,0,0.02923,0,0,-6.8e-05,standard,0,rectangular,7000,500,-9999,-9999,55537,55537,55537,0,-9999,0,0,0,0,2.46321,2.450387,1.643526,0.926998,0.151072,-0.020296,0.36795,0.957356,87.156418,0.000318,2.397709,-3e-05,1,2.383926,-2.4e-05,1,0.601714,0.600514,0.106642,0,PSF-00578_20260726125656_c9f,PFA-00612,PSA-00572,PSF-00578,RHS-0697,3.0.0,2026-06-15T15:17:51.144Z
27,12:57:25,2026-07-26,Rain_out,Climate_model,,Pl7-R1-M2-H1-P08,,,0.026216,2.916417,0.025982,0.992742,3.245111,3.218645,6.7757,3.530589,33.041142,33.312832,69.556244,0.441786,7.5,PSF-00578_20260726125725_e7a,0,0,0,81.405762,227.695938,0.64248,0.5,0.8,47.952545,1,43.53,43.18,40.1,38.33,38.33,97.41,156,153.7,1.5,187,3.889,6,-44,276,,,,,,,,17:51:21,2026-07-26,39.208439,-96.593872,341.899994,10,0.89,12:49:49,2026-07-26,-0.34,1,0,0.005,-0.005,-0.132,-0.297,-0.051,1,150,0.005,2,0.058905,0,0.02923,0,0,-6.8e-05,standard,0,rectangular,7000,500,-9999,-9999,55537,55537,55537,0,-9999,0,0,0,0,2.463441,2.449751,1.64231,0.926633,0.151069,-0.022293,0.369452,0.262555,81.405762,0.000314,2.397709,-3e-05,1,2.383926,-2.4e-05,1,0.601714,0.600514,0.106642,0,PSF-00578_20260726125725_e7a,PFA-00612,PSA-00572,PSF-00578,RHS-0697,3.0.0,2026-06-15T15:17:51.144Z
28,12:57:45,2026-07-26,Rain_out,Climate_model,,Pl7-R1-M2-H1-P08,,,0.039599,2.917411,0.039068,1.381075,3.403361,3.366632,6.669027,3.265666,34.559155,34.936188,68.458908,0.441786,7.5,PSF-00578_20260726125745_8b2,0,0,0,75.065018,214.788437,0.650517,0.5,0.8,42.565754,1,45.66,45.17,40.1,38.03,38.03,97.42,156.2,153.6,1.7,164,3.917,-1,-64,279,,,,,,,,17:51:40,2026-07-26,39.20842,-96.593872,341.700012,10,0.89,12:49:49,2026-07-26,-0.34,1,0.001,0.002,-9999,-0.103,-0.823,-9999,1,150,0.005,2,0.058905,0,0.02923,0,0,-6.8e-05,standard,0,rectangular,7000,500,-9999,-9999,55537,55537,55537,0,-9999,0,0,0,0,2.46603,2.452475,1.643324,0.926253,0.151083,-0.025956,0.370579,0.24333,75.065018,0.000319,2.397709,-3e-05,1,2.383926,-2.4e-05,1,0.601714,0.600514,0.106642,0,PSF-00578_20260726125745_8b2,PFA-00612,PSA-00572,PSF-00578,RHS-0697,3.0.0,2026-06-15T15:17:51.144Z
1,12:59:10,2026-07-26,Rain_out,Climate_model,,Pl7-R1-M2-H1-P08,,,0.140618,2.918031,0.134153,5.984712,3.3138,3.154583,7.419713,4.105912,32.386341,34.020931,76.174034,0.441786,7.5,PSF-00578_20260726125910_cc7,0,0,0,85.719826,122.255798,0.298849,0.5,0.8,235.170441,1,44.15,42.03,40.23,40.02,40.02,97.4,156.2,153.8,1.6,1967,3.919,5,-33,258,,,,,,,,00:00:00,0000-00-00,39.208275,-96.593872,328.200012,7,1.15,12:59:00,2026-07-26,-0.37,1,-0.004,-0.002,-9999,-0.549,-1.501,-9999,1,150,0.005,2,0.058905,0,0.02923,0,0,-6.8e-05,standard,0,rectangular,7000,500,-9999,-9999,55537,55537,55537,0,-9999,0,0,0,0,2.461917,2.45056,1.643959,0.926813,0.150324,-0.002454,0.327443,1.750488,85.719826,0.000306,2.397709,-3e-05,1,2.383926,-2.4e-05,1,0.601714,0.600514,0.106642,0,PSF-00578_20260726125910_cc7,PFA-00612,PSA-00572,PSF-00578,RHS-0697,3.0.0,2026-06-15T15:17:51.144Z
2,12:59:28,2026-07-26,Rain_out,Climate_model,,Pl7-R1-M2-H1-P08,,,0.140267,2.915654,0.133828,6.183624,3.408033,3.243379,7.653189,4.245156,33.297531,34.987919,78.57,0.441786,7.5,PSF-00578_20260726125928_efe,0,0,0,83.075165,119.821785,0.306677,0.5,0.8,232.210236,1,45.35,43.16,40.25,40.6,40.6,97.41,156,153.8,1.4,1893,3.918,9,-36,242,,,,,,,,17:53:21,2026-07-26,39.208431,-96.593811,316.600006,7,1.15,12:59:00,2026-07-26,-0.37,1,-0.002,-0.002,-9999,-0.394,-0.849,-9999,1,150,0.005,2,0.058905,0,0.02923,0,0,-6.8e-05,standard,0,rectangular,7000,500,-9999,-9999,55537,55537,55537,0,-9999,0,0,0,0,2.463392,2.452094,1.641532,0.926984,0.150198,0.004744,0.328951,1.688361,83.075165,0.000294,2.397709,-3e-05,1,2.383926,-2.4e-05,1,0.601714,0.600514,0.106642,0,PSF-00578_20260726125928_efe,PFA-00612,PSA-00572,PSF-00578,RHS-0697,3.0.0,2026-06-15T15:17:51.144Z
3,12:59:56,2026-07-26,Rain_out,Climate_model,,Pl7-R1-M2-H1-P08,,,0.150515,2.917234,0.14313,6.195018,3.358515,3.193671,7.343011,3.984496,32.786282,34.478573,75.383484,0.441786,7.5,PSF-00578_20260726125956_936,0,0,0,80.757019,117.09201,0.310311,0.5,0.8,203.081894,1,44.64,42.45,40.28,39.82,39.82,97.41,156.1,153.9,1.5,1636,3.918,12,-27,237,,,,,,,,17:53:52,2026-07-26,39.208458,-96.593819,321.899994,7,1.15,12:59:00,2026-07-26,-0.37,1,-0.001,0.001,-9999,-0.723,-1.195,-9999,1,150,0.005,2,0.058905,0,0.02923,0,0,-6.8e-05,standard,0,rectangular,7000,500,-9999,-9999,55537,55537,55537,0,-9999,0,0,0,0,2.46246,2.451181,1.643144,0.927028,0.150072,-0.00551,0.331365,1.47375,80.757019,0.000298,2.397709,-3e-05,1,2.383926,-2.4e-05,1,0.601714,0.600514,0.106642,0,PSF-00578_20260726125956_936,PFA-00612,PSA-00572,PSF-00578,RHS-0697,3.0.0,2026-06-15T15:17:51.144Z
5,13:00:32,2026-07-26,Rain_out,Climate_model,,Pl6-R1-M1-H2-P08,,,0.113449,2.916976,0.109202,3.894011,3.327006,3.223328,6.62328,3.296273,33.088787,34.153088,67.9907,0.441786,7.5,PSF-00578_20260726130032_c3d,0,0,0,98.021149,213.962311,0.541877,0.5,0.8,196.462112,1,44.24,42.86,40.27,37.91,37.91,97.41,156.1,153.7,1.6,906,3.917,-4,-50,8,,,,,,,,17:54:28,2026-07-26,39.208385,-96.593819,324.299988,7,1.16,12:59:00,2026-07-26,-0.37,1,-0.003,-0.003,-9999,-1.493,-3.625,-9999,1,150,0.005,2,0.058905,0,0.02923,0,0,-6.8e-05,standard,0,rectangular,7000,500,-9999,-9999,55537,55537,55537,0,-9999,0,0,0,0,2.462996,2.450666,1.642881,0.926538,0.15011,-0.029727,0.334063,0.864012,98.021149,0.000311,2.397709,-3e-05,1,2.383926,-2.4e-05,1,0.601714,0.600514,0.106642,0,PSF-00578_20260726130032_c3d,PFA-00612,PSA-00572,PSF-00578,RHS-0697,3.0.0,2026-06-15T15:17:51.144Z
6,13:00:45,2026-07-26,Rain_out,Climate_model,,Pl6-R1-M1-H2-P08,,,0.170481,2.917222,0.161068,5.520537,3.399024,3.252178,6.567116,3.168092,33.38443,34.891846,67.413116,0.441786,7.5,PSF-00578_20260726130045_da2,0,0,0,85.510971,197.108383,0.566173,0.5,0.8,203.241455,1,45.21,43.26,40.26,37.75,37.75,97.42,156.1,153.6,1.6,897,3.917,-2,-51,8,,,,,,,,17:54:40,2026-07-26,39.208401,-96.593819,327.700012,7,1.16,12:59:00,2026-07-26,-0.37,1,0.005,0.004,-9999,-0.548,-0.582,-9999,1,150,0.005,2,0.058905,0,0.02923,0,0,-6.8e-05,standard,0,rectangular,7000,500,-9999,-9999,55537,55537,55537,0,-9999,0,0,0,0,2.463516,2.451911,1.643131,0.926468,0.150147,-0.031616,0.334818,0.856524,85.510971,0.000302,2.397709,-3e-05,1,2.383926,-2.4e-05,1,0.601714,0.600514,0.106642,0,PSF-00578_20260726130045_da2,PFA-00612,PSA-00572,PSF-00578,RHS-0697,3.0.0,2026-06-15T15:17:51.144Z
7,13:00:57,2026-07-26,Rain_out,Climate_model,,Pl6-R1-M1-H2-P08,,,0.173888,2.91592,0.164102,5.676298,3.313193,3.161917,6.512743,3.199551,32.459129,34.012077,66.857544,0.441786,7.5,PSF-00578_20260726130057_fbf,0,0,0,90.429428,202.257874,0.5529,0.5,0.8,208.579025,1,44.08,42.07,40.26,37.6,37.6,97.41,156,153.6,1.6,943,3.912,-3,-49,8,,,,,,,,17:54:52,2026-07-26,39.208378,-96.593796,328.600006,6,1.47,12:59:00,2026-07-26,-0.37,1,0.002,0.003,-9999,-0.227,-0.345,-9999,1,150,0.005,2,0.058905,0,0.02923,0,0,-6.8e-05,standard,0,rectangular,7000,500,-9999,-9999,55537,55537,55537,0,-9999,0,0,0,0,2.461964,2.450466,1.641803,0.926267,0.150174,-0.033475,0.335574,0.894691,90.429428,0.000309,2.397709,-3e-05,1,2.383926,-2.4e-05,1,0.601714,0.600514,0.106642,0,PSF-00578_20260726130057_fbf,PFA-00612,PSA-00572,PSF-00578,RHS-0697,3.0.0,2026-06-15T15:17:51.144Z
8,13:01:14,2026-07-26,Rain_out,Climate_model,,Pl6-R1-M1-H2-P08,,,0.191797,2.917262,0.179965,7.228204,3.349796,3.15744,7.053377,3.703581,32.41325,34.38792,72.407677,0.441786,7.5,PSF-00578_20260726130114_327,0,0,0,94.600082,150.498383,0.371421,0.5,0.8,265.463501,1,44.59,42.03,40.25,39.07,39.07,97.41,156.2,153.5,1.7,1787,3.916,30,46,9,,,,,,,,17:55:09,2026-07-26,39.208355,-96.593796,332.600006,8,0.98,12:59:00,2026-07-26,-0.37,1,-0.006,-0.004,0.01,-1.804,-1.14,-1.501,1,150,0.005,2,0.058905,0,0.02923,0,0,-6.8e-05,standard,0,rectangular,7000,500,-9999,-9999,55537,55537,55537,0,-9999,0,0,0,0,2.461925,2.45113,1.643172,0.92601,0.150246,-0.014694,0.336623,1.599669,94.600082,0.000304,2.397709,-3e-05,1,2.383926,-2.4e-05,1,0.601714,0.600514,0.106642,0,PSF-00578_20260726130114_327,PFA-00612,PSA-00572,PSF-00578,RHS-0697,3.0.0,2026-06-15T15:17:51.144Z
9,13:01:29,2026-07-26,Rain_out,Climate_model,,Pl6-R1-M1-H2-P08,,,0.17431,2.915121,0.164475,6.732058,3.360861,3.181433,7.133103,3.772242,32.660564,34.502575,73.228378,0.441786,7.5,PSF-00578_20260726130129_1cc,0,0,0,100.890038,152.394531,0.337968,0.5,0.8,249.96106,1,44.77,42.38,40.24,39.28,39.28,97.41,155.9,153.6,1.4,1849,3.916,35,36,10,,,,,,,,17:55:24,2026-07-26,39.208344,-96.593803,4.5,8,0.98,12:59:00,2026-07-26,-0.37,1,0,0.001,0.018,-0.599,-1.684,-4.462,1,150,0.005,2,0.058905,0,0.02923,0,0,-6.8e-05,standard,0,rectangular,7000,500,-9999,-9999,55537,55537,55537,0,-9999,0,0,0,0,2.462374,2.451351,1.64099,0.92646,0.150304,-0.011903,0.33758,1.651634,100.890038,0.000277,2.397709,-3e-05,1,2.383926,-2.4e-05,1,0.601714,0.600514,0.106642,0,PSF-00578_20260726130129_1cc,PFA-00612,PSA-00572,PSF-00578,RHS-0697,3.0.0,2026-06-15T15:17:51.144Z
10,13:01:44,2026-07-26,Rain_out,Climate_model,,Pl6-R1-M1-H2-P08,,,0.140833,2.916335,0.134345,5.612324,3.30627,3.156741,7.157047,3.850777,32.406826,33.941879,73.473625,0.441786,7.5,PSF-00578_20260726130144_631,0,0,0,100.75486,152.131683,0.337713,0.5,0.8,245.981049,1,44.06,42.07,40.23,39.34,39.34,97.41,156,153.6,1.6,1821,3.916,26,44,19,,,,,,,,17:55:40,2026-07-26,39.208344,-96.593842,335.899994,7,1.05,12:59:00,2026-07-26,-0.37,1,-0.001,-0.001,0.009,-0.975,-2.714,-4.293,1,150,0.005,2,0.058905,0,0.02923,0,0,-6.8e-05,standard,0,rectangular,7000,500,-9999,-9999,55537,55537,55537,0,-9999,0,0,0,0,2.461978,2.450455,1.642226,0.926402,0.150367,-0.010968,0.338519,1.628183,100.75486,0.000304,2.397709,-3e-05,1,2.383926,-2.4e-05,1,0.601714,0.600514,0.106642,0,PSF-00578_20260726130144_631,PFA-00612,PSA-00572,PSF-00578,RHS-0697,3.0.0,2026-06-15T15:17:51.144Z
12,13:02:10,2026-07-26,Rain_out,Climate_model,,Pl6-R1-M1-H2-P08,,,0.089894,2.916711,0.087206,3.097564,3.270209,3.187677,6.555533,3.285325,32.726013,33.573315,67.301819,0.441786,7.5,PSF-00578_20260726130210_951,0,0,0,80.252052,231.610535,0.653504,0.5,0.8,156.953461,1,43.6,42.5,40.22,37.72,37.72,97.4,156.1,153.9,1.4,600,3.915,7,-65,10,,,,,,,,17:56:05,2026-07-26,39.208378,-96.593864,336.899994,8,0.98,12:59:00,2026-07-26,-0.37,1,0,-0.001,-9999,-0.31,-0.18,-9999,1,150,0.005,2,0.058905,0,0.02923,0,0,-6.8e-05,standard,0,rectangular,7000,500,-9999,-9999,55537,55537,55537,0,-9999,0,0,0,0,2.462538,2.44986,1.64261,0.927084,0.150406,-0.031443,0.339912,0.608351,80.252052,0.000319,2.397709,-3e-05,1,2.383926,-2.4e-05,1,0.601714,0.600514,0.106642,0,PSF-00578_20260726130210_951,PFA-00612,PSA-00572,PSF-00578,RHS-0697,3.0.0,2026-06-15T15:17:51.144Z
1,13:02:45,2026-07-26,Rain_out,Climate_model,,Pl6-R1-M1-H2-P08,,,0.088403,2.916009,0.085802,3.035272,3.280354,3.199448,6.552105,3.271751,32.84745,33.678082,67.26783,0.441786,7.5,PSF-00578_20260726130245_9f5,0,0,0,81.872467,225.483658,0.636903,0.5,0.8,160.358673,1,43.69,42.62,40.24,37.71,37.71,97.4,156,153.6,1.5,629,3.875,3,-64,8,,,,,,,,17:56:40,2026-07-26,39.208313,-96.59388,357.100006,4,2.16,13:02:39,2026-07-26,-0.34,1,-0.002,-0.003,-9999,-0.952,-0.46,-9999,1,150,0.005,2,0.058905,0,0.02923,0,0,-6.8e-05,standard,0,rectangular,7000,500,-9999,-9999,55537,55537,55537,0,-9999,0,0,0,0,2.462687,2.449936,1.641894,0.926493,0.150305,-0.031791,0.385602,0.632597,81.872467,0.000318,2.397709,-3e-05,1,2.383926,-2.4e-05,1,0.601714,0.600514,0.106642,0,PSF-00578_20260726130245_9f5,PFA-00612,PSA-00572,PSF-00578,RHS-0697,3.0.0,2026-06-15T15:17:51.144Z
2,13:02:59,2026-07-26,Rain_out,Climate_model,,Pl6-R1-M1-H2-P08,,,0.079846,2.916745,0.077718,2.681023,3.413365,3.342042,6.60078,3.187415,34.310791,35.043018,67.766342,0.441786,7.5,PSF-00578_20260726130259_d05,0,0,0,82.840202,229.971176,0.63978,0.5,0.8,142.230804,1,45.43,44.48,40.25,37.84,37.84,97.4,156.1,153.8,1.5,556,3.911,6,-68,8,,,,,,,,17:56:54,2026-07-26,39.208408,-96.593834,336.899994,6,1.25,13:02:39,2026-07-26,-0.34,1,0,-0.001,-9999,-0.412,-0.304,-9999,1,150,0.005,2,0.058905,0,0.02923,0,0,-6.8e-05,standard,0,rectangular,7000,500,-9999,-9999,55537,55537,55537,0,-9999,0,0,0,0,2.465114,2.452157,1.642644,0.926782,0.150224,-0.03026,0.38591,0.571042,82.840202,0.000313,2.397709,-3e-05,1,2.383926,-2.4e-05,1,0.601714,0.600514,0.106642,0,PSF-00578_20260726130259_d05,PFA-00612,PSA-00572,PSF-00578,RHS-0697,3.0.0,2026-06-15T15:17:51.144Z
3,13:04:05,2026-07-26,Rain_out,Climate_model,,Pl6-R1-M1-H2-P08,,,0.180448,2.917143,0.169936,6.368047,3.663678,3.494769,7.11198,3.448302,35.877544,37.61158,73.012093,0.441786,7.5,PSF-00578_20260726130405_fac,0,0,0,96.014496,170.338516,0.436331,0.5,0.8,263.318756,1,48.66,46.42,40.29,39.22,39.22,97.41,156.1,153.6,1.6,1509,3.908,-11,30,196,,,,,,,,17:57:59,2026-07-26,39.208355,-96.593819,334.200012,6,1.25,13:02:39,2026-07-26,-0.34,1,-0.001,-0.002,0.009,-0.167,0.254,0.592,1,150,0.005,2,0.058905,0,0.02923,0,0,-6.8e-05,standard,0,rectangular,7000,500,-9999,-9999,55537,55537,55537,0,-9999,0,0,0,0,2.467612,2.456259,1.643051,0.926437,0.149994,-0.013301,0.388568,1.367293,96.014496,0.000309,2.397709,-3e-05,1,2.383926,-2.4e-05,1,0.601714,0.600514,0.106642,0,PSF-00578_20260726130405_fac,PFA-00612,PSA-00572,PSF-00578,RHS-0697,3.0.0,2026-06-15T15:17:51.144Z
4,13:04:19,2026-07-26,Rain_out,Climate_model,,Pl6-R1-M1-H2-P08,,,0.202322,2.917242,0.189201,6.992443,3.557793,3.372121,6.963481,3.405688,34.617367,36.523434,71.48539,0.441786,7.5,PSF-00578_20260726130419_3bb,0,0,0,97.247955,161.674973,0.398497,0.5,0.8,249.558685,1,47.25,44.79,40.29,38.83,38.83,97.41,156.2,153.6,1.6,1566,3.91,-8,28,188,,,,,,,,17:58:14,2026-07-26,39.208382,-96.593819,334.299988,6,1.26,13:02:39,2026-07-26,-0.34,1,-0.004,-0.004,-9999,-1.477,-1.841,-9999,1,150,0.005,2,0.058905,0,0.02923,0,0,-6.8e-05,standard,0,rectangular,7000,500,-9999,-9999,55537,55537,55537,0,-9999,0,0,0,0,2.465504,2.454473,1.643151,0.926323,0.149997,-0.018279,0.389084,1.414851,97.247955,0.000305,2.397709,-3e-05,1,2.383926,-2.4e-05,1,0.601714,0.600514,0.106642,0,PSF-00578_20260726130419_3bb,PFA-00612,PSA-00572,PSF-00578,RHS-0697,3.0.0,2026-06-15T15:17:51.144Z
5,13:04:32,2026-07-26,Rain_out,Climate_model,,Pl6-R1-M1-H2-P08,,,0.180081,2.917009,0.16961,6.372083,3.433548,3.264097,6.899017,3.465469,33.509193,35.248775,70.825256,0.441786,7.5,PSF-00578_20260726130432_02a,0,0,0,96.609947,163.510681,0.409152,0.5,0.8,246.288574,1,45.61,43.35,40.29,38.66,38.66,97.41,156.1,153.6,1.6,1505,3.907,-5,32,181,,,,,,,,17:58:27,2026-07-26,39.208397,-96.593803,333.899994,6,1.23,13:02:39,2026-07-26,-0.34,1,0,0,0.012,-0.442,-2.049,-3.628,1,150,0.005,2,0.058905,0,0.02923,0,0,-6.8e-05,standard,0,rectangular,7000,500,-9999,-9999,55537,55537,55537,0,-9999,0,0,0,0,2.463641,2.452372,1.642913,0.926352,0.15,-0.020459,0.389528,1.364087,96.609947,0.000311,2.397709,-3e-05,1,2.383926,-2.4e-05,1,0.601714,0.600514,0.106642,0,PSF-00578_20260726130432_02a,PFA-00612,PSA-00572,PSF-00578,RHS-0697,3.0.0,2026-06-15T15:17:51.144Z
6,13:04:50,2026-07-26,Rain_out,Climate_model,,Pl6-R1-M1-H2-P08,,,0.053757,2.916024,0.052784,1.948686,3.269033,3.217084,6.681333,3.412299,33.028515,33.561848,68.594551,0.441786,7.5,PSF-00578_20260726130450_423,0,0,0,83.917023,258.854614,0.675814,0.5,0.8,91.357826,1,43.42,42.73,40.29,38.07,38.07,97.4,156,153.7,1.5,338,3.908,32,59,244,,,,,,,,17:58:46,2026-07-26,39.208401,-96.593803,334,6,1.23,13:02:39,2026-07-26,-0.34,1,0,-0.001,0.013,-0.579,-0.237,-0.667,1,150,0.005,2,0.058905,0,0.02923,0,0,-6.8e-05,standard,0,rectangular,7000,500,-9999,-9999,55537,55537,55537,0,-9999,0,0,0,0,2.462824,2.449573,1.641909,0.926635,0.149994,-0.027961,0.39034,0.389031,83.917023,0.000327,2.397709,-3e-05,1,2.383926,-2.4e-05,1,0.601714,0.600514,0.106642,0,PSF-00578_20260726130450_423,PFA-00612,PSA-00572,PSF-00578,RHS-0697,3.0.0,2026-06-15T15:17:51.144Z
7,13:05:05,2026-07-26,Rain_out,Climate_model,,Pl6-R1-M1-H2-P08,,,0.052698,2.916222,0.051763,1.94988,3.290454,3.238492,6.77023,3.479775,33.247013,33.780472,69.504555,0.441786,7.5,PSF-00578_20260726130505_2dd,0,0,0,83.205345,258.331421,0.677912,0.5,0.8,131.233185,1,43.72,43.03,40.28,38.31,38.31,97.41,156,153.8,1.4,484,3.899,30,51,237,,,,,,,,17:59:00,2026-07-26,39.208401,-96.593781,334,6,1.23,13:02:39,2026-07-26,-0.34,1,0,0.003,0.008,0.248,0.3,1.587,1,150,0.005,2,0.058905,0,0.02923,0,0,-6.8e-05,standard,0,rectangular,7000,500,-9999,-9999,55537,55537,55537,0,-9999,0,0,0,0,2.463221,2.449964,1.642111,0.92679,0.150042,-0.024776,0.390831,0.511031,83.205345,0.000319,2.397709,-3e-05,1,2.383926,-2.4e-05,1,0.601714,0.600514,0.106642,0,PSF-00578_20260726130505_2dd,PFA-00612,PSA-00572,PSF-00578,RHS-0697,3.0.0,2026-06-15T15:17:51.144Z
8,13:05:18,2026-07-26,Rain_out,Climate_model,,Pl6-R1-M1-H2-P08,,,0.043302,2.917159,0.042668,1.645703,3.299983,3.256163,6.861006,3.561023,33.428257,33.878117,70.436111,0.441786,7.5,PSF-00578_20260726130518_ca7,0,0,0,82.484726,256.832245,0.678838,0.5,0.8,97.694473,1,43.86,43.28,40.28,38.56,38.56,97.41,156.1,153.8,1.5,360,3.908,30,53,240,,,,,,,,17:59:13,2026-07-26,39.208393,-96.593788,333.799988,6,1.23,13:02:39,2026-07-26,-0.34,1,0,-0.002,-9999,0.332,0.653,-9999,1,150,0.005,2,0.058905,0,0.02923,0,0,-6.8e-05,standard,0,rectangular,7000,500,-9999,-9999,55537,55537,55537,0,-9999,0,0,0,0,2.463545,2.450145,1.643067,0.92686,0.150076,-0.021585,0.39127,0.407273,82.484726,0.000316,2.397709,-3e-05,1,2.383926,-2.4e-05,1,0.601714,0.600514,0.106642,0,PSF-00578_20260726130518_ca7,PFA-00612,PSA-00572,PSF-00578,RHS-0697,3.0.0,2026-06-15T15:17:51.144Z
9,13:05:31,2026-07-26,Rain_out,Climate_model,,Pl6-R1-M1-H2-P08,,,0.038246,2.914822,0.03775,1.44301,3.269136,3.230632,6.799926,3.53079,33.16777,33.56308,69.812469,0.441786,7.5,PSF-00578_20260726130531_6c9,0,0,0,82.164291,260.323761,0.684377,0.5,0.8,111.963135,1,43.46,42.95,40.27,38.39,38.39,97.4,155.9,153.7,1.4,409,3.902,34,52,231,,,,,,,,17:59:26,2026-07-26,39.208405,-96.593788,333.5,6,1.23,13:02:39,2026-07-26,-0.34,1,0.001,0,-9999,-0.222,0.219,-9999,1,150,0.005,2,0.058905,0,0.02923,0,0,-6.8e-05,standard,0,rectangular,7000,500,-9999,-9999,55537,55537,55537,0,-9999,0,0,0,0,2.463116,2.449632,1.640686,0.926731,0.150099,-0.023625,0.391694,0.448393,82.164291,0.000309,2.397709,-3e-05,1,2.383926,-2.4e-05,1,0.601714,0.600514,0.106642,0,PSF-00578_20260726130531_6c9,PFA-00612,PSA-00572,PSF-00578,RHS-0697,3.0.0,2026-06-15T15:17:51.144Z
10,13:05:44,2026-07-26,Rain_out,Climate_model,,Pl6-R1-M1-H2-P08,,,0.029485,2.91547,0.02919,1.10391,3.305421,3.275991,6.79803,3.492609,33.632675,33.934822,69.791382,0.441786,7.5,PSF-00578_20260726130544_172,0,0,0,81.539871,259.352814,0.685603,0.5,0.8,99.813072,1,43.96,43.57,40.26,38.39,38.39,97.4,155.9,153.8,1.4,364,3.907,36,47,229,,,,,,,,17:59:39,2026-07-26,39.208408,-96.593803,334.399994,6,1.23,13:02:39,2026-07-26,-0.34,1,0,0.001,-9999,0.256,0.458,-9999,1,150,0.005,2,0.058905,0,0.02923,0,0,-6.8e-05,standard,0,rectangular,7000,500,-9999,-9999,55537,55537,55537,0,-9999,0,0,0,0,2.463927,2.450276,1.641345,0.926894,0.150145,-0.023588,0.392133,0.410762,81.539871,0.000318,2.397709,-3e-05,1,2.383926,-2.4e-05,1,0.601714,0.600514,0.106642,0,PSF-00578_20260726130544_172,PFA-00612,PSA-00572,PSF-00578,RHS-0697,3.0.0,2026-06-15T15:17:51.144Z
11,13:05:56,2026-07-26,Rain_out,Climate_model,,Pl6-R1-M1-H2-P08,,,0.02515,2.916826,0.024935,0.867278,3.38185,3.358769,6.59665,3.214799,34.478355,34.715286,67.715767,0.441786,7.5,PSF-00578_20260726130556_315,0,0,0,80.164429,274.353851,0.707806,0.5,0.8,27.032574,1,45.01,44.71,40.25,37.83,37.83,97.42,156.1,153.6,1.6,95,3.905,-30,-32,296,,,,,,,,17:59:52,2026-07-26,39.208385,-96.593796,334.299988,5,1.56,13:02:39,2026-07-26,-0.34,1,0.001,0,-9999,-0.067,0.049,-9999,1,150,0.005,2,0.058905,0,0.02923,0,0,-6.8e-05,standard,0,rectangular,7000,500,-9999,-9999,55537,55537,55537,0,-9999,0,0,0,0,2.465404,2.451622,1.642727,0.926429,0.150225,-0.030403,0.392467,0.186424,80.164429,0.000301,2.397709,-3e-05,1,2.383926,-2.4e-05,1,0.601714,0.600514,0.106642,0,PSF-00578_20260726130556_315,PFA-00612,PSA-00572,PSF-00578,RHS-0697,3.0.0,2026-06-15T15:17:51.144Z
12,13:06:09,2026-07-26,Rain_out,Climate_model,,Pl6-R1-M1-H2-P08,,,0.030524,2.916815,0.030208,1.095413,3.41651,3.387368,6.764368,3.347858,34.77264,35.071789,69.43885,0.441786,7.5,PSF-00578_20260726130609_17e,0,0,0,79.771759,276.299011,0.711285,0.5,0.8,26.506145,1,45.51,45.12,40.23,38.29,38.29,97.41,156.1,153.7,1.5,93,3.909,-29,-34,296,,,,,,,,18:00:02,2026-07-26,39.208378,-96.593788,335.899994,8,1.01,13:02:39,2026-07-26,-0.34,1,0.001,0.002,-9999,0.078,0.226,-9999,1,150,0.005,2,0.058905,0,0.02923,0,0,-6.8e-05,standard,0,rectangular,7000,500,-9999,-9999,55537,55537,55537,0,-9999,0,0,0,0,2.465948,2.452261,1.642716,0.926573,0.150312,-0.024372,0.392756,0.184487,79.771759,0.00031,2.397709,-3e-05,1,2.383926,-2.4e-05,1,0.601714,0.600514,0.106642,0,PSF-00578_20260726130609_17e,PFA-00612,PSA-00572,PSF-00578,RHS-0697,3.0.0,2026-06-15T15:17:51.144Z
13,13:06:20,2026-07-26,Rain_out,Climate_model,,Pl6-R1-M1-H2-P08,,,0.015288,2.91654,0.015208,0.573459,3.463449,3.448197,6.940541,3.477092,35.396801,35.553364,71.24678,0.441786,7.5,PSF-00578_20260726130620_d7e,0,0,0,80.790283,274.565216,0.705752,0.5,0.8,27.89436,1,46.16,45.96,40.22,38.77,38.77,97.42,156.1,153.5,1.7,99,3.908,-28,-40,298,,,,,,,,18:00:14,2026-07-26,39.208355,-96.593788,340.200012,8,1,13:02:39,2026-07-26,-0.34,1,-0.001,0.002,-9999,0.185,0.288,-9999,1,150,0.005,2,0.058905,0,0.02923,0,0,-6.8e-05,standard,0,rectangular,7000,500,-9999,-9999,55537,55537,55537,0,-9999,0,0,0,0,2.467031,2.453091,1.642436,0.926078,0.150369,-0.018223,0.39299,0.189207,80.790283,0.000308,2.397709,-3e-05,1,2.383926,-2.4e-05,1,0.601714,0.600514,0.106642,0,PSF-00578_20260726130620_d7e,PFA-00612,PSA-00572,PSF-00578,RHS-0697,3.0.0,2026-06-15T15:17:51.144Z
14,13:06:41,2026-07-26,Rain_out,Climate_model,,Pl6-R1-M1-H2-P08,,,0.058549,2.918103,0.057398,1.928433,3.318772,3.267471,6.427795,3.109023,33.543488,34.070137,65.987015,0.441786,7.5,PSF-00578_20260726130641_4d0,0,0,0,81.331375,244.619614,0.667519,0.5,0.8,55.383057,1,44.27,43.58,40.21,37.35,37.35,97.41,156.3,153.6,1.7,207,3.904,-1,-44,291,,,,,,,,18:00:37,2026-07-26,39.20834,-96.593781,341.200012,8,0.95,13:02:39,2026-07-26,-0.34,1,-0.001,-0.003,-9999,0.154,0.311,-9999,1,150,0.005,2,0.058905,0,0.02923,0,0,-6.8e-05,standard,0,rectangular,7000,500,-9999,-9999,55537,55537,55537,0,-9999,0,0,0,0,2.463951,2.450674,1.644033,0.926263,0.150453,-0.035871,0.393471,0.27996,81.331375,0.000321,2.397709,-3e-05,1,2.383926,-2.4e-05,1,0.601714,0.600514,0.106642,0,PSF-00578_20260726130641_4d0,PFA-00612,PSA-00572,PSF-00578,RHS-0697,3.0.0,2026-06-15T15:17:51.144Z
15,13:06:54,2026-07-26,Rain_out,Climate_model,,Pl6-R1-M1-H2-P08,,,0.026728,2.917253,0.026485,0.982054,3.276684,3.250531,6.703348,3.426664,33.371296,33.639793,68.819344,0.441786,7.5,PSF-00578_20260726130654_029,0,0,0,81.994415,247.349731,0.668508,0.5,0.8,59.872414,1,43.74,43.39,40.2,38.13,38.13,97.4,156.2,153.6,1.6,224,3.908,0,-38,289,,,,,,,,18:00:49,2026-07-26,39.208344,-96.593781,341.700012,9,0.93,13:02:39,2026-07-26,-0.34,1,-0.001,-0.002,-9999,-0.24,0.309,-9999,1,150,0.005,2,0.058905,0,0.02923,0,0,-6.8e-05,standard,0,rectangular,7000,500,-9999,-9999,55537,55537,55537,0,-9999,0,0,0,0,2.463698,2.449996,1.643163,0.926392,0.150528,-0.026,0.393594,0.293732,81.994415,0.000309,2.397709,-3e-05,1,2.383926,-2.4e-05,1,0.601714,0.600514,0.106642,0,PSF-00578_20260726130654_029,PFA-00612,PSA-00572,PSF-00578,RHS-0697,3.0.0,2026-06-15T15:17:51.144Z
16,13:07:08,2026-07-26,Rain_out,Climate_model,,Pl6-R1-M1-H2-P08,,,0.038593,2.916124,0.038089,1.422164,3.342304,3.304423,6.790037,3.447734,33.92466,34.31356,69.709511,0.441786,7.5,PSF-00578_20260726130708_380,0,0,0,80.299614,238.441589,0.663231,0.5,0.8,61.529469,1,44.64,44.14,40.18,38.36,38.36,97.4,156,153.6,1.5,232,3.908,-3,-21,283,,,,,,,,18:01:03,2026-07-26,39.20837,-96.593788,342.700012,9,0.93,13:02:39,2026-07-26,-0.34,1,-0.002,-0.003,-9999,-0.222,0.023,-9999,1,150,0.005,2,0.058905,0,0.02923,0,0,-6.8e-05,standard,0,rectangular,7000,500,-9999,-9999,55537,55537,55537,0,-9999,0,0,0,0,2.464678,2.451161,1.642011,0.926394,0.150606,-0.02283,0.393902,0.300439,80.299614,0.000305,2.397709,-3e-05,1,2.383926,-2.4e-05,1,0.601714,0.600514,0.106642,0,PSF-00578_20260726130708_380,PFA-00612,PSA-00572,PSF-00578,RHS-0697,3.0.0,2026-06-15T15:17:51.144Z
51,16:51:33,2026-07-26,Rain_out,Climate_model,,Pl7-R1-M2-H1-P08,,,0.065186,2.917081,0.063761,2.654758,3.099468,3.028743,6.939616,3.840148,31.143723,31.870968,71.358154,0.441786,7.5,PSF-00578_20260726165133_829,0,0,0,84.777115,249.117493,0.65969,0.5,0.8,130.164673,1,39.66,38.75,40.99,38.77,38.77,97.25,156.1,153.7,1.5,493,3.844,10,44,17,,,,,,,,21:45:27,2026-07-26,39.208351,-96.593849,326.700012,21,0.62,16:46:48,2026-07-26,-0.28,1,-0.001,-0.001,0.01,-0.656,0.567,0.224,1,150,0.005,2,0.058905,0,0.02923,0,0,-6.8e-05,standard,0,rectangular,7000,500,-9999,-9999,55537,55537,55537,0,-9999,0,0,0,0,2.457498,2.444541,1.642988,0.926677,0.146041,-0.028138,0.349996,0.518818,84.777115,0.000319,2.397709,-3e-05,1,2.383926,-2.4e-05,1,0.601714,0.600514,0.106642,0,PSF-00578_20260726165133_829,PFA-00612,PSA-00572,PSF-00578,RHS-0697,3.0.0,2026-06-15T15:17:51.144Z
52,16:51:54,2026-07-26,Rain_out,Climate_model,,Pl7-R1-M2-H1-P08,,,0.059625,2.916466,0.058431,2.391166,3.14806,3.084365,6.921462,3.773402,31.718531,32.373543,71.177887,0.441786,7.5,PSF-00578_20260726165154_cf0,0,0,0,84.018234,250.104553,0.664068,0.5,0.8,38.342751,1,40.26,39.45,41,38.72,38.72,97.24,156.1,153.6,1.6,144,3.843,21,68,353,,,,,,,,21:45:49,2026-07-26,39.208351,-96.593849,327,18,0.79,16:46:48,2026-07-26,-0.28,1,0.002,0.004,-9999,0.02,-0.171,-9999,1,150,0.005,2,0.058905,0,0.02923,0,0,-6.8e-05,standard,0,rectangular,7000,500,-9999,-9999,55537,55537,55537,0,-9999,0,0,0,0,2.458412,2.445321,1.642359,0.926307,0.145994,-0.028862,0.350872,0.227257,84.018234,0.000314,2.397709,-3e-05,1,2.383926,-2.4e-05,1,0.601714,0.600514,0.106642,0,PSF-00578_20260726165154_cf0,PFA-00612,PSA-00572,PSF-00578,RHS-0697,3.0.0,2026-06-15T15:17:51.144Z
53,16:52:13,2026-07-26,Rain_out,Climate_model,,Pl7-R1-M2-H1-P08,,,0.138131,2.916536,0.131885,5.622534,3.127981,2.978192,7.056377,3.928396,30.627699,32.168129,72.567726,0.441786,7.5,PSF-00578_20260726165213_2ca,0,0,0,135.88858,269.796265,0.496329,0.5,0.8,327.397095,1,40.02,38.1,40.99,39.08,39.08,97.24,156.1,153.9,1.4,1649,3.843,5,-65,21,,,,,,,,21:46:07,2026-07-26,39.208359,-96.593857,326.899994,21,0.62,16:46:48,2026-07-26,-0.28,1,0,0.002,0.017,0.451,-2.71,-4.818,1,150,0.005,2,0.058905,0,0.02923,0,0,-6.8e-05,standard,0,rectangular,7000,500,-9999,-9999,55537,55537,55537,0,-9999,0,0,0,0,2.456638,2.445008,1.642431,0.927098,0.146031,-0.024222,0.351614,1.484596,135.88858,0.000325,2.397709,-3e-05,1,2.383926,-2.4e-05,1,0.601714,0.600514,0.106642,0,PSF-00578_20260726165213_2ca,PFA-00612,PSA-00572,PSF-00578,RHS-0697,3.0.0,2026-06-15T15:17:51.144Z
54,16:52:31,2026-07-26,Rain_out,Climate_model,,Pl7-R1-M2-H1-P08,,,0.041754,2.916642,0.041165,1.824975,3.040917,2.992252,7.126938,4.08602,30.768738,31.269156,73.284897,0.441786,7.5,PSF-00578_20260726165231_e47,0,0,0,93.298676,203.323608,0.541132,0.5,0.8,167.23851,1,38.89,38.27,41,39.26,39.26,97.25,156.1,153.6,1.6,773,3.843,1,26,6,,,,,,,,21:46:26,2026-07-26,39.208355,-96.593849,327.799988,20,0.7,16:46:48,2026-07-26,-0.28,1,0.006,0.004,-9999,0.952,7.681,-9999,1,150,0.005,2,0.058905,0,0.02923,0,0,-6.8e-05,standard,0,rectangular,7000,500,-9999,-9999,55537,55537,55537,0,-9999,0,0,0,0,2.45686,2.443547,1.642539,0.926458,0.145999,-0.021938,0.352394,0.752241,93.298676,0.000324,2.397709,-3e-05,1,2.383926,-2.4e-05,1,0.601714,0.600514,0.106642,0,PSF-00578_20260726165231_e47,PFA-00612,PSA-00572,PSF-00578,RHS-0697,3.0.0,2026-06-15T15:17:51.144Z
55,16:53:07,2026-07-26,Rain_out,Climate_model,,Pl6-R1-M1-H2-P08,,,0.145047,2.917264,0.138177,6.494631,3.057379,2.884306,7.382951,4.325572,29.658983,31.438663,75.918015,0.441786,7.5,PSF-00578_20260726165307_f72,0,0,0,82.772614,119.878647,0.30953,0.5,0.8,221.374725,1,39.09,36.87,41.01,39.92,39.92,97.25,156.2,153.7,1.6,1788,3.842,1,-65,9,,,,,,,,21:47:02,2026-07-26,39.208359,-96.593849,328.399994,18,0.63,16:46:48,2026-07-26,-0.28,1,0.001,0.002,-9999,-0.781,-1.386,-9999,1,150,0.005,2,0.058905,0,0.02923,0,0,-6.8e-05,standard,0,rectangular,7000,500,-9999,-9999,55537,55537,55537,0,-9999,0,0,0,0,2.455004,2.443795,1.643174,0.926599,0.145949,-0.013628,0.353981,1.600657,82.772614,0.000311,2.397709,-3e-05,1,2.383926,-2.4e-05,1,0.601714,0.600514,0.106642,0,PSF-00578_20260726165307_f72,PFA-00612,PSA-00572,PSF-00578,RHS-0697,3.0.0,2026-06-15T15:17:51.144Z
56,16:53:25,2026-07-26,Rain_out,Climate_model,,Pl6-R1-M1-H2-P08,,,0.137421,2.915694,0.131236,6.000542,2.997139,2.836962,7.209559,4.21242,29.177326,30.824692,74.148201,0.441786,7.5,PSF-00578_20260726165325_254,0,0,0,90.997337,136.348846,0.332614,0.5,0.8,246.636627,1,38.33,36.28,41,39.48,39.48,97.23,156,153.8,1.4,1854,3.817,3,-57,7,,,,,,,,21:47:19,2026-07-26,39.208359,-96.593849,328.700012,20,0.62,16:46:48,2026-07-26,-0.28,1,0.005,-0.001,-9999,-8.796,13.064,-9999,1,150,0.005,2,0.058905,0,0.02923,0,0,-6.8e-05,standard,0,rectangular,7000,500,-9999,-9999,55537,55537,55537,0,-9999,0,0,0,0,2.454221,2.442817,1.641573,0.926934,0.145994,-0.019207,0.354566,1.655626,90.997337,0.000314,2.397709,-3e-05,1,2.383926,-2.4e-05,1,0.601714,0.600514,0.106642,0,PSF-00578_20260726165325_254,PFA-00612,PSA-00572,PSF-00578,RHS-0697,3.0.0,2026-06-15T15:17:51.144Z
57,16:53:37,2026-07-26,Rain_out,Climate_model,,Pl6-R1-M1-H2-P08,,,0.105399,2.916562,0.101723,4.902658,2.971041,2.840215,7.407461,4.43642,29.208675,30.554089,76.178078,0.441786,7.5,PSF-00578_20260726165337_260,0,0,0,84.894417,122.42067,0.306535,0.5,0.8,218.220749,1,38.01,36.34,40.99,39.98,39.98,97.24,156.1,153.8,1.4,1780,3.841,1,-68,8,,,,,,,,21:47:31,2026-07-26,39.208355,-96.593834,328.799988,19,0.7,16:46:48,2026-07-26,-0.28,1,0.001,0.002,-9999,-1.106,-1.798,-9999,1,150,0.005,2,0.058905,0,0.02923,0,0,-6.8e-05,standard,0,rectangular,7000,500,-9999,-9999,55537,55537,55537,0,-9999,0,0,0,0,2.454295,2.442401,1.642457,0.926944,0.146032,-0.012637,0.354973,1.593759,84.894417,0.000316,2.397709,-3e-05,1,2.383926,-2.4e-05,1,0.601714,0.600514,0.106642,0,PSF-00578_20260726165337_260,PFA-00612,PSA-00572,PSF-00578,RHS-0697,3.0.0,2026-06-15T15:17:51.144Z
58,16:53:57,2026-07-26,Rain_out,Climate_model,,Pl6-R1-M1-H2-P08,,,0.044427,2.916965,0.043761,1.952755,2.936646,2.884534,7.052896,4.116251,29.664297,30.200207,72.531372,0.441786,7.5,PSF-00578_20260726165357_2a6,0,0,0,97.626328,246.074081,0.603265,0.5,0.8,139.999115,1,37.57,36.9,40.99,39.07,39.07,97.24,156.1,153.7,1.6,580,3.841,24,57,32,,,,,,,,21:47:52,2026-07-26,39.208355,-96.593834,329.100006,21,0.61,16:46:48,2026-07-26,-0.28,1,0.001,-0.001,-9999,-2.125,-1.285,-9999,1,150,0.005,2,0.058905,0,0.02923,0,0,-6.8e-05,standard,0,rectangular,7000,500,-9999,-9999,55537,55537,55537,0,-9999,0,0,0,0,2.455048,2.441825,1.642868,0.926515,0.146028,-0.024344,0.355909,0.591425,97.626328,0.000318,2.397709,-3e-05,1,2.383926,-2.4e-05,1,0.601714,0.600514,0.106642,0,PSF-00578_20260726165357_2a6,PFA-00612,PSA-00572,PSF-00578,RHS-0697,3.0.0,2026-06-15T15:17:51.144Z
59,16:54:13,2026-07-26,Rain_out,Climate_model,,Pl6-R1-M1-H2-P08,,,0.063017,2.916758,0.061685,2.565158,2.957249,2.888793,6.798411,3.841162,29.705883,30.409822,69.909058,0.441786,7.5,PSF-00578_20260726165413_a6b,0,0,0,84.047195,244.142181,0.655745,0.5,0.8,127.983261,1,37.85,36.97,40.99,38.39,38.39,97.25,156.1,153.6,1.6,488,3.841,26,48,21,,,,,,,,21:48:07,2026-07-26,39.208359,-96.593842,329.100006,21,0.61,16:46:48,2026-07-26,-0.28,1,0.002,0.002,-9999,0.006,-0.032,-9999,1,150,0.005,2,0.058905,0,0.02923,0,0,-6.8e-05,standard,0,rectangular,7000,500,-9999,-9999,55537,55537,55537,0,-9999,0,0,0,0,2.455141,2.44219,1.642657,0.926456,0.14607,-0.032896,0.356446,0.514349,84.047195,0.000305,2.397709,-3e-05,1,2.383926,-2.4e-05,1,0.601714,0.600514,0.106642,0,PSF-00578_20260726165413_a6b,PFA-00612,PSA-00572,PSF-00578,RHS-0697,3.0.0,2026-06-15T15:17:51.144Z
60,16:54:25,2026-07-26,Rain_out,Climate_model,,Pl6-R1-M1-H2-P08,,,0.041438,2.916192,0.040857,1.735467,2.834263,2.787875,6.760591,3.926328,28.672253,29.149336,69.530151,0.441786,7.5,PSF-00578_20260726165425_6be,0,0,0,85.177658,254.338501,0.665101,0.5,0.8,128.35347,1,36.3,35.71,40.97,38.28,38.28,97.23,156,153.8,1.4,482,3.84,28,49,22,,,,,,,,21:48:19,2026-07-26,39.208359,-96.593849,329.299988,21,0.61,16:46:48,2026-07-26,-0.28,1,0,0.003,-9999,-0.125,-0.527,-9999,1,150,0.005,2,0.058905,0,0.02923,0,0,-6.8e-05,standard,0,rectangular,7000,500,-9999,-9999,55537,55537,55537,0,-9999,0,0,0,0,2.453454,2.440166,1.64208,0.926792,0.146141,-0.034033,0.356873,0.509776,85.177658,0.000318,2.397709,-3e-05,1,2.383926,-2.4e-05,1,0.601714,0.600514,0.106642,0,PSF-00578_20260726165425_6be,PFA-00612,PSA-00572,PSF-00578,RHS-0697,3.0.0,2026-06-15T15:17:51.144Z
61,16:54:56,2026-07-26,Rain_out,Climate_model,,Pl6-R1-M1-H2-P08,,,0.135679,2.917585,0.12965,4.857104,3.055518,2.926116,6.519369,3.463851,30.089365,31.420015,67.03894,0.441786,7.5,PSF-00578_20260726165456_916,0,0,0,80.823898,270.643127,0.701364,0.5,0.8,35.930058,1,39.16,37.5,40.96,37.61,37.61,97.25,156.2,153,2.1,128,3.84,13,82,348,,,,,,,,21:48:51,2026-07-26,39.208363,-96.593842,329,20,0.62,16:46:48,2026-07-26,-0.28,1,0.005,0.005,-9999,0.134,0.078,-9999,1,150,0.005,2,0.058905,0,0.02923,0,0,-6.8e-05,standard,0,rectangular,7000,500,-9999,-9999,55537,55537,55537,0,-9999,0,0,0,0,2.455847,2.443899,1.643502,0.924841,0.146213,-0.042307,0.358142,0.213657,80.823898,0.000323,2.397709,-3e-05,1,2.383926,-2.4e-05,1,0.601714,0.600514,0.106642,0,PSF-00578_20260726165456_916,PFA-00612,PSA-00572,PSF-00578,RHS-0697,3.0.0,2026-06-15T15:17:51.144Z
62,16:55:11,2026-07-26,Rain_out,Climate_model,,Pl6-R1-M1-H2-P08,,,0.155771,2.917191,0.147875,5.780457,3.050127,2.896055,6.662034,3.611906,29.777805,31.362001,68.500328,0.441786,7.5,PSF-00578_20260726165511_814,0,0,0,88.51075,267.877228,0.669585,0.5,0.8,37.964912,1,39.1,37.12,40.96,38.01,38.01,97.26,156.1,153.9,1.5,142,3.808,9,81,352,,,,,,,,21:49:04,2026-07-26,39.208355,-96.593834,329.299988,20,0.62,16:46:48,2026-07-26,-0.28,1,0.003,0.003,-9999,0.027,0.48,-9999,1,150,0.005,2,0.058905,0,0.02923,0,0,-6.8e-05,standard,0,rectangular,7000,500,-9999,-9999,55537,55537,55537,0,-9999,0,0,0,0,2.455345,2.44382,1.6431,0.927016,0.146232,-0.037244,0.358722,0.225084,88.51075,0.000315,2.397709,-3e-05,1,2.383926,-2.4e-05,1,0.601714,0.600514,0.106642,0,PSF-00578_20260726165511_814,PFA-00612,PSA-00572,PSF-00578,RHS-0697,3.0.0,2026-06-15T15:17:51.144Z
63,16:55:27,2026-07-26,Rain_out,Climate_model,,Pl6-R1-M1-H2-P08,,,0.166018,2.917315,0.157079,6.160697,2.983159,2.818873,6.608977,3.625818,28.987774,30.677208,67.963173,0.441786,7.5,PSF-00578_20260726165527_256,0,0,0,85.250618,275.180695,0.690201,0.5,0.8,37.929909,1,38.25,36.14,40.95,37.87,37.87,97.24,156.2,154.1,1.3,137,3.839,8,76,0,,,,,,,,21:49:21,2026-07-26,39.208355,-96.593834,329.799988,20,0.7,16:46:48,2026-07-26,-0.28,1,-0.001,0.002,-9999,0.046,0.349,-9999,1,150,0.005,2,0.058905,0,0.02923,0,0,-6.8e-05,standard,0,rectangular,7000,500,-9999,-9999,55537,55537,55537,0,-9999,0,0,0,0,2.454037,2.442712,1.643226,0.927584,0.14625,-0.03906,0.359241,0.22144,85.250618,0.000319,2.397709,-3e-05,1,2.383926,-2.4e-05,1,0.601714,0.600514,0.106642,0,PSF-00578_20260726165527_256,PFA-00612,PSA-00572,PSF-00578,RHS-0697,3.0.0,2026-06-15T15:17:51.144Z
64,16:55:44,2026-07-26,Rain_out,Climate_model,,Pl6-R1-M1-H2-P08,,,0.064111,2.915921,0.062732,2.540476,2.967162,2.899325,6.709574,3.742412,29.813187,30.51074,68.993225,0.441786,7.5,PSF-00578_20260726165544_9a4,0,0,0,81.404686,197.382324,0.587579,0.5,0.8,284.500732,1,38.08,37.21,40.94,38.14,38.14,97.25,156,153.6,1.5,1210,3.839,-15,-60,24,,,,,,,,21:49:39,2026-07-26,39.208366,-96.593842,330.399994,20,0.62,16:46:48,2026-07-26,-0.28,1,-0.001,-0.001,-9999,0.906,2.146,-9999,1,150,0.005,2,0.058905,0,0.02923,0,0,-6.8e-05,standard,0,rectangular,7000,500,-9999,-9999,55537,55537,55537,0,-9999,0,0,0,0,2.45546,2.442496,1.641804,0.926416,0.146352,-0.035311,0.359799,1.118098,81.404686,0.000313,2.397709,-3e-05,1,2.383926,-2.4e-05,1,0.601714,0.600514,0.106642,0,PSF-00578_20260726165544_9a4,PFA-00612,PSA-00572,PSF-00578,RHS-0697,3.0.0,2026-06-15T15:17:51.144Z
66,16:56:25,2026-07-26,Rain_out,Climate_model,,Pl6-R1-M1-H2-P08,,,0.022368,2.915706,0.022198,0.935457,2.899963,2.874962,6.793979,3.894016,29.562365,29.819447,69.860428,0.441786,7.5,PSF-00578_20260726165625_93d,0,0,0,97.246529,311.026093,0.687336,0.5,0.8,40.154961,1,37.26,36.94,40.91,38.38,38.38,97.25,156,153.6,1.5,146,3.838,-4,-29,256,,,,,,,,21:50:19,2026-07-26,39.208366,-96.593819,331.399994,20,0.7,16:46:48,2026-07-26,-0.28,1,0.001,0.001,-9999,0.368,0.937,-9999,1,150,0.005,2,0.058905,0,0.02923,0,0,-6.8e-05,standard,0,rectangular,7000,500,-9999,-9999,55537,55537,55537,0,-9999,0,0,0,0,2.455107,2.441432,1.641585,0.926424,0.146478,-0.032097,0.361242,0.228681,97.246529,0.000323,2.397709,-3e-05,1,2.383926,-2.4e-05,1,0.601714,0.600514,0.106642,0,PSF-00578_20260726165625_93d,PFA-00612,PSA-00572,PSF-00578,RHS-0697,3.0.0,2026-06-15T15:17:51.144Z
67,16:56:45,2026-07-26,Rain_out,Climate_model,,Pl6-R1-M1-H2-P08,,,0.038567,2.916912,0.038064,1.616717,2.916187,2.873035,6.838828,3.922641,29.548094,29.991898,70.334801,0.441786,7.5,PSF-00578_20260726165645_8fe,0,0,0,85.213783,277.347931,0.692755,0.5,0.8,42.333763,1,37.5,36.94,40.9,38.5,38.5,97.23,156.1,153.7,1.6,153,3.838,29,65,251,,,,,,,,21:50:39,2026-07-26,39.208431,-96.593826,333.100006,21,0.61,16:46:48,2026-07-26,-0.28,1,0,0.002,-9999,0.831,1.079,-9999,1,150,0.005,2,0.058905,0,0.02923,0,0,-6.8e-05,standard,0,rectangular,7000,500,-9999,-9999,55537,55537,55537,0,-9999,0,0,0,0,2.455112,2.441742,1.642814,0.926514,0.146554,-0.03038,0.36202,0.234297,85.213783,0.000321,2.397709,-3e-05,1,2.383926,-2.4e-05,1,0.601714,0.600514,0.106642,0,PSF-00578_20260726165645_8fe,PFA-00612,PSA-00572,PSF-00578,RHS-0697,3.0.0,2026-06-15T15:17:51.144Z
